date;int_data, int;float_data, float;bool_data1, bool;bool_data2, bool;scale_data, scale, [0,100,5];time_data1, time;time_data2, time
01.01.2012;14;42.120;0;--;80;--;09:31
02.01.2012;-20;;-;true;60;21:51;21:53
03.01.2012;50;-7.679;-;true;50;22:36;03:06
04.01.2012;-48;-31.438;1;да;5;08:50;20:57
05.01.2012;-12;37.212;-;-;50;16:09;19:09
06.01.2012;--;-25.787;+;нет;30;09:06;09:41
07.01.2012;31;-6.286;да;-;50;10:20;02:59
08.01.2012;-11;-2.936;false;--;25;05:24;23:20
09.01.2012;-2;-40.536;да;--;75;11:22;11:15
10.01.2012;--;13.607;true;--;30;09:01;02:29
11.01.2012;-46;48.191;-;true;15;16:55;04:11
12.01.2012;-32;-43.319;false;false;60;12:35;06:18
13.01.2012;--;-26.189;false;false;60;01:50;08:40
14.01.2012;8;-6.848;-;0;0;--;23:15
15.01.2012;13;-4.600;0;-;10;22:04;22:18
16.01.2012;-6;44.515;-;true;5;17:42;01:43
17.01.2012;21;-39.171;1;да;100;--;17:15
18.01.2012;-39;;-;да;55;10:31;00:20
19.01.2012;28;48.165;false;true;45;14:01;14:48
20.01.2012;-17;-11.986;+;true;35;18:33;16:31
21.01.2012;--;-11.276;0;1;35;01:18;22:44
22.01.2012;3;15.771;+;--;70;10:49;08:35
23.01.2012;-44;23.980;нет;-;;08:16;21:49
24.01.2012;-45;-23.741;0;--;45;13:18;22:09
25.01.2012;-10;-27.029;+;false;100;03:44;11:13
26.01.2012;35;-13.523;1;+;80;09:48;--
27.01.2012;--;25.661;--;1;70;04:08;21:27
28.01.2012;--;-49.597;--;нет;25;20:38;21:07
29.01.2012;43;-0.269;-;-;75;06:07;23:20
30.01.2012;34;-49.987;true;0;60;10:57;01:28
31.01.2012;39;;нет;+;50;03:50;01:09
01.02.2012;20;39.110;--;нет;30;23:53;11:27
02.02.2012;17;14.754;--;+;25;03:53;07:30
03.02.2012;5;;+;true;40;20:56;22:55
04.02.2012;-3;-19.773;-;--;55;14:28;19:14
05.02.2012;40;-32.838;true;true;15;05:37;19:23
06.02.2012;-13;-8.179;true;1;60;08:05;11:06
07.02.2012;21;39.340;+;-;15;01:47;--
08.02.2012;30;-35.507;--;false;20;21:39;--
09.02.2012;27;-16.319;0;--;10;08:27;--
10.02.2012;-25;;1;-;95;06:26;15:05
11.02.2012;50;46.513;false;нет;90;21:01;15:39
12.02.2012;-3;-5.667;+;1;15;18:44;21:42
13.02.2012;25;12.612;0;нет;90;08:28;05:25
14.02.2012;-29;37.242;нет;0;30;02:38;03:10
15.02.2012;-40;-38.681;1;true;95;04:47;18:42
16.02.2012;--;13.948;да;-;35;04:42;00:34
17.02.2012;14;-42.015;-;0;70;02:44;--
18.02.2012;-42;-33.120;1;true;75;06:35;14:20
19.02.2012;24;-31.773;--;true;30;13:05;04:52
20.02.2012;50;;-;-;80;15:23;00:03
21.02.2012;17;21.029;true;да;25;00:59;18:47
22.02.2012;23;-37.425;--;0;40;12:32;22:36
23.02.2012;13;-20.405;true;-;70;20:12;17:15
24.02.2012;12;46.962;false;нет;;03:58;23:51
25.02.2012;-26;32.357;1;--;70;13:44;17:19
26.02.2012;50;14.915;-;-;5;20:18;13:13
27.02.2012;47;25.858;-;+;90;18:20;12:34
28.02.2012;17;42.019;да;1;95;00:10;16:41
29.02.2012;-45;;1;true;55;22:06;11:42
01.03.2012;49;-27.230;false;0;80;07:36;01:17
02.03.2012;50;49.430;да;false;65;14:43;--
03.03.2012;37;-10.603;+;0;25;08:36;00:13
04.03.2012;--;-22.459;true;да;100;13:10;08:23
05.03.2012;16;;--;-;70;10:40;18:01
06.03.2012;-40;;-;false;65;07:45;05:17
07.03.2012;45;45.872;да;-;100;11:52;19:55
08.03.2012;-31;1.358;false;--;40;04:54;13:16
09.03.2012;16;-49.063;--;false;15;17:36;14:06
10.03.2012;--;-7.757;false;--;40;19:49;10:41
11.03.2012;-50;-41.505;да;false;70;17:52;16:11
12.03.2012;12;30.413;1;+;40;22:44;09:24
13.03.2012;-41;23.247;true;нет;;00:56;11:07
14.03.2012;-49;4.080;-;+;65;20:52;20:25
15.03.2012;36;45.387;--;1;25;13:39;12:51
16.03.2012;46;-30.449;true;0;80;--;14:03
17.03.2012;-30;-9.398;1;нет;30;20:34;20:29
18.03.2012;-25;19.568;true;false;65;21:16;04:32
19.03.2012;48;24.352;1;нет;15;02:00;15:02
20.03.2012;37;;нет;0;55;01:39;03:00
21.03.2012;-3;-40.305;--;0;35;01:40;14:41
22.03.2012;7;-49.169;--;нет;30;07:35;17:53
23.03.2012;--;-18.565;0;да;45;11:02;06:24
24.03.2012;6;47.199;1;1;0;--;10:41
25.03.2012;33;;false;--;90;20:32;04:14
26.03.2012;-1;48.828;1;нет;45;--;02:35
27.03.2012;37;15.337;false;да;15;13:01;12:01
28.03.2012;7;-20.042;нет;false;15;15:23;12:18
29.03.2012;-23;-28.425;-;1;35;--;05:20
30.03.2012;38;-24.135;false;--;90;13:03;20:22
31.03.2012;-50;-18.281;0;0;45;14:45;--
01.04.2012;-40;23.442;--;да;70;21:03;17:37
02.04.2012;-33;-13.582;нет;true;;23:57;08:29
03.04.2012;-15;3.486;false;да;;02:38;17:00
04.04.2012;29;12.941;--;false;10;05:06;03:49
05.04.2012;29;-37.188;+;--;35;06:19;--
06.04.2012;5;29.263;-;+;50;02:41;21:57
07.04.2012;36;;-;0;0;21:59;12:54
08.04.2012;20;1.045;true;false;;--;08:44
09.04.2012;-31;-26.057;нет;-;45;07:10;--
10.04.2012;30;34.166;false;нет;0;16:44;01:54
11.04.2012;42;-32.573;0;--;100;03:43;13:16
12.04.2012;-31;-24.029;false;true;95;03:26;09:33
13.04.2012;27;-4.736;да;+;45;04:18;10:43
14.04.2012;0;-48.934;да;1;60;05:46;19:11
15.04.2012;35;-21.327;-;да;40;13:32;05:15
16.04.2012;19;31.543;+;-;100;--;15:33
17.04.2012;46;28.429;нет;false;45;10:56;11:35
18.04.2012;--;36.092;нет;0;15;--;18:34
19.04.2012;6;19.245;+;true;30;10:55;11:02
20.04.2012;11;23.573;нет;-;35;03:53;18:09
21.04.2012;-1;42.129;true;true;50;21:31;16:27
22.04.2012;-50;-42.338;true;-;0;01:01;17:14
23.04.2012;--;35.248;1;1;55;08:22;18:33
24.04.2012;-4;-0.390;true;-;45;10:38;04:28
25.04.2012;-19;-12.315;0;1;65;18:08;08:03
26.04.2012;-42;13.489;+;1;40;--;19:59
27.04.2012;43;;--;--;25;04:20;01:31
28.04.2012;-39;-40.263;--;--;25;16:16;16:57
29.04.2012;44;-23.569;--;0;90;08:59;01:37
30.04.2012;0;-14.746;--;нет;30;05:19;13:31
01.05.2012;48;17.025;нет;1;45;09:03;--
02.05.2012;--;41.478;-;--;;14:44;02:37
03.05.2012;-50;25.355;false;-;95;17:16;--
04.05.2012;3;17.271;0;нет;90;03:39;04:50
05.05.2012;23;-13.371;-;0;95;20:29;--
06.05.2012;-39;38.878;-;+;70;01:30;10:51
07.05.2012;-34;-13.160;0;1;25;03:25;17:59
08.05.2012;-35;-46.917;true;--;25;11:31;--
09.05.2012;-9;-21.441;да;да;5;21:21;15:07
10.05.2012;-48;19.469;-;да;;23:20;10:42
11.05.2012;13;8.926;true;1;20;16:52;22:06
12.05.2012;39;27.166;да;--;90;02:09;05:09
13.05.2012;21;;-;0;65;10:43;04:20
14.05.2012;42;17.246;+;нет;;07:25;--
15.05.2012;35;14.843;false;+;65;06:55;16:20
16.05.2012;-42;;да;-;50;11:42;07:49
17.05.2012;45;-1.199;+;--;15;--;20:37
18.05.2012;20;16.453;-;false;45;05:50;20:56
19.05.2012;-24;-43.861;true;-;10;12:36;09:53
20.05.2012;-7;7.498;1;-;100;06:49;--
21.05.2012;--;45.544;0;0;70;17:50;18:36
22.05.2012;12;-23.099;да;+;55;19:51;05:02
23.05.2012;-41;-20.234;1;true;80;--;07:47
24.05.2012;--;-25.278;да;false;70;16:42;16:18
25.05.2012;46;-15.430;да;да;85;--;23:55
26.05.2012;45;6.876;0;--;;11:24;16:15
27.05.2012;-42;49.143;true;1;;04:52;18:02
28.05.2012;-44;;1;--;100;14:32;07:34
29.05.2012;-3;-29.283;--;true;100;05:10;19:15
30.05.2012;-25;13.727;-;true;95;09:46;16:14
31.05.2012;-36;;0;+;;20:33;22:53
01.06.2012;-21;-25.421;false;0;85;--;--
02.06.2012;-34;-10.512;нет;нет;;20:34;03:36
03.06.2012;-1;-36.490;+;0;85;12:41;21:06
04.06.2012;36;11.678;0;+;40;00:48;23:55
05.06.2012;43;-11.155;true;-;25;03:27;15:16
06.06.2012;-41;44.652;да;false;60;22:54;09:57
07.06.2012;--;17.912;false;1;45;23:01;--
08.06.2012;7;-25.190;1;нет;;02:32;17:05
09.06.2012;19;5.595;да;нет;30;12:51;09:40
10.06.2012;-34;15.751;1;true;30;15:11;14:03
11.06.2012;3;-12.340;+;нет;100;13:54;05:59
12.06.2012;45;18.004;+;нет;5;11:39;16:15
13.06.2012;-18;8.471;да;false;90;--;08:58
14.06.2012;-11;;-;true;55;00:41;23:04
15.06.2012;23;-26.875;-;true;10;20:51;14:40
16.06.2012;-17;-31.446;нет;0;15;03:54;03:18
17.06.2012;-33;-39.049;true;-;50;03:53;21:24
18.06.2012;--;40.240;true;-;100;07:58;08:39
19.06.2012;-47;-24.949;да;1;80;21:43;--
20.06.2012;36;11.911;1;--;20;04:24;05:12
21.06.2012;45;25.909;1;нет;;14:45;18:09
22.06.2012;38;24.946;+;1;65;22:39;00:36
23.06.2012;37;-13.533;-;нет;85;08:26;02:42
24.06.2012;-2;-13.001;+;1;40;08:51;08:55
25.06.2012;37;-48.801;true;+;5;14:42;23:22
26.06.2012;24;-6.989;--;false;50;19:36;--
27.06.2012;30;45.546;-;+;100;18:15;--
28.06.2012;-41;5.706;да;нет;80;00:08;--
29.06.2012;-8;-49.985;+;нет;25;16:01;00:51
30.06.2012;--;5.078;нет;-;5;01:26;20:16
01.07.2012;20;-49.788;-;1;;12:57;02:55
02.07.2012;22;-27.753;да;-;;05:23;10:47
03.07.2012;-23;-47.315;1;нет;;17:14;12:16
04.07.2012;5;-37.320;да;1;55;00:13;14:58
05.07.2012;49;-24.180;+;true;95;18:41;--
06.07.2012;-23;13.839;1;--;;12:31;08:02
07.07.2012;-10;48.635;нет;нет;25;17:37;18:21
08.07.2012;4;31.946;true;--;15;17:40;07:04
09.07.2012;-27;16.278;0;false;75;08:02;16:33
10.07.2012;36;12.002;true;-;15;06:01;--
11.07.2012;-16;26.759;да;1;70;04:21;07:43
12.07.2012;-4;37.631;нет;--;80;04:23;23:31
13.07.2012;-43;-32.167;-;true;70;12:39;15:22
14.07.2012;40;32.207;-;-;70;12:09;13:50
15.07.2012;-1;-20.451;нет;1;65;--;02:48
16.07.2012;-5;42.637;+;нет;70;16:29;23:52
17.07.2012;-28;37.037;1;0;20;22:45;13:10
18.07.2012;--;12.419;+;-;;04:39;12:17
19.07.2012;47;-25.405;1;0;85;21:14;08:43
20.07.2012;--;31.263;да;+;5;02:09;05:25
21.07.2012;-17;-1.730;1;-;45;11:30;04:51
22.07.2012;44;46.434;нет;1;30;13:34;01:22
23.07.2012;43;-14.265;0;да;60;11:33;16:20
24.07.2012;-28;16.065;+;-;20;10:38;--
25.07.2012;26;3.200;нет;нет;50;10:55;20:44
26.07.2012;-20;-41.391;1;нет;30;16:07;05:17
27.07.2012;-1;35.389;-;+;;--;19:21
28.07.2012;--;-22.961;--;false;95;21:35;22:17
29.07.2012;16;36.741;--;-;45;--;03:06
30.07.2012;-28;-40.540;да;true;60;15:16;06:05
31.07.2012;-27;-27.461;1;да;5;02:58;04:33
01.08.2012;-37;35.206;да;true;90;--;18:47
02.08.2012;-34;-25.229;+;-;25;--;06:11
03.08.2012;17;-10.493;+;true;20;19:05;16:42
04.08.2012;--;;+;нет;35;15:48;23:01
05.08.2012;32;-6.305;false;false;95;18:40;01:37
06.08.2012;-9;-36.836;1;да;20;04:10;05:44
07.08.2012;--;17.756;-;0;60;17:55;10:34
08.08.2012;25;15.192;+;нет;80;10:14;06:26
09.08.2012;46;-29.222;true;нет;50;17:08;00:19
10.08.2012;31;-37.121;1;false;50;06:41;--
11.08.2012;40;-34.754;-;--;50;18:36;12:46
12.08.2012;-2;-14.490;1;0;60;10:51;10:15
13.08.2012;3;-25.386;1;-;30;20:21;17:08
14.08.2012;44;-4.554;--;+;85;01:43;--
15.08.2012;--;39.936;1;нет;45;13:18;--
16.08.2012;-10;-15.555;нет;0;65;11:39;21:10
17.08.2012;-43;-27.615;нет;true;60;19:07;16:29
18.08.2012;-43;-32.716;-;-;0;00:48;09:58
19.08.2012;27;29.736;1;false;10;07:09;01:17
20.08.2012;42;-2.122;false;false;30;15:19;13:43
21.08.2012;-35;-12.897;-;false;35;09:16;00:22
22.08.2012;46;-5.899;false;0;5;18:00;--
23.08.2012;41;13.372;+;да;15;03:56;08:31
24.08.2012;15;45.426;1;1;5;06:31;21:14
25.08.2012;29;25.054;-;да;35;00:17;00:16
26.08.2012;35;-25.693;да;+;70;21:56;19:00
27.08.2012;-25;;false;true;70;05:05;15:52
28.08.2012;45;6.051;+;true;75;10:46;02:04
29.08.2012;--;-16.934;+;нет;75;15:21;07:31
30.08.2012;-14;-17.295;true;false;40;--;15:06
31.08.2012;42;39.256;+;-;5;05:49;09:53
01.09.2012;-40;9.749;true;--;;00:08;09:04
02.09.2012;40;-35.614;да;-;65;08:45;18:00
03.09.2012;-22;-26.759;1;false;55;04:55;17:24
04.09.2012;14;-14.309;false;-;;06:23;08:04
05.09.2012;-45;;да;+;35;07:04;13:43
06.09.2012;-10;31.066;-;да;80;13:53;16:01
07.09.2012;38;18.406;да;0;30;03:46;15:07
08.09.2012;-29;35.097;1;+;55;22:28;19:19
09.09.2012;-38;17.827;--;-;70;07:53;21:07
10.09.2012;-35;-17.977;1;0;70;10:26;09:54
11.09.2012;-36;-27.715;да;0;30;05:56;14:54
12.09.2012;2;-5.866;true;false;35;23:54;07:56
13.09.2012;-6;-44.703;false;false;80;09:44;23:49
14.09.2012;36;-9.049;false;нет;60;00:57;06:01
15.09.2012;-24;-27.215;нет;true;95;08:17;14:06
16.09.2012;-7;36.792;-;false;65;01:10;23:26
17.09.2012;39;-31.750;нет;нет;0;06:04;10:35
18.09.2012;35;5.493;--;+;95;14:13;--
19.09.2012;5;2.934;-;--;15;16:58;12:21
20.09.2012;-7;40.239;true;--;75;05:52;18:59
21.09.2012;-15;14.353;+;0;0;16:25;04:00
22.09.2012;49;7.919;false;--;60;14:00;07:59
23.09.2012;43;1.321;false;--;;04:22;15:19
24.09.2012;7;-48.703;нет;1;55;06:36;18:44
25.09.2012;-6;-19.204;0;-;95;20:52;00:26
26.09.2012;12;24.455;да;0;40;10:13;16:03
27.09.2012;-28;;нет;false;95;07:52;13:40
28.09.2012;3;48.262;0;-;55;00:56;22:56
29.09.2012;13;-40.178;0;1;40;13:24;17:39
30.09.2012;-13;0.251;-;true;;06:54;05:55
01.10.2012;1;3.146;false;0;25;04:01;01:08
02.10.2012;18;-47.892;false;нет;65;07:10;05:28
03.10.2012;32;15.704;-;0;20;14:06;18:17
04.10.2012;2;5.581;false;да;55;--;05:31
05.10.2012;-35;36.429;true;true;5;--;--
06.10.2012;-33;-43.695;да;-;15;11:18;22:33
07.10.2012;36;;--;false;0;16:47;00:37
08.10.2012;-13;-46.020;0;false;60;17:50;15:56
09.10.2012;-35;;true;-;10;16:53;22:11
10.10.2012;-46;-30.771;-;0;;--;--
11.10.2012;13;;--;false;85;02:58;11:55
12.10.2012;-33;7.878;0;-;90;16:19;16:30
13.10.2012;--;;да;0;95;10:20;06:42
14.10.2012;-49;;нет;false;60;02:20;12:57
15.10.2012;-24;25.089;-;1;75;03:17;09:55
16.10.2012;14;-3.083;true;true;5;17:50;08:02
17.10.2012;47;40.406;true;true;30;23:57;04:46
18.10.2012;43;-1.828;да;нет;35;16:06;11:27
19.10.2012;28;-14.781;0;нет;50;00:21;--
20.10.2012;-23;13.490;true;нет;30;22:04;02:00
21.10.2012;19;;нет;1;;21:14;23:27
22.10.2012;21;3.369;нет;1;;02:19;22:03
23.10.2012;28;-6.841;false;-;25;--;05:49
24.10.2012;-40;39.489;да;1;70;12:57;10:12
25.10.2012;17;30.357;1;true;80;--;22:32
26.10.2012;46;-7.744;да;+;95;03:17;23:27
27.10.2012;-14;-24.291;да;--;;02:42;00:11
28.10.2012;-29;40.975;1;нет;80;18:49;06:42
29.10.2012;38;-49.987;да;-;70;22:52;09:37
30.10.2012;44;46.293;false;false;20;22:41;--
31.10.2012;-27;36.710;да;да;75;--;10:51
01.11.2012;12;29.269;false;false;100;05:49;17:43
02.11.2012;-17;-40.724;true;нет;35;01:23;15:05
03.11.2012;-38;;-;true;45;09:24;22:06
04.11.2012;--;;1;true;50;06:32;07:05
05.11.2012;-11;-23.053;0;--;85;03:05;14:33
06.11.2012;--;28.173;true;1;5;03:46;08:26
07.11.2012;-14;-39.386;--;нет;95;00:56;21:12
08.11.2012;31;23.231;нет;--;85;13:33;21:38
09.11.2012;4;49.877;нет;+;30;17:59;05:21
10.11.2012;1;39.802;false;--;85;18:26;07:44
11.11.2012;-1;33.281;да;да;45;14:04;05:46
12.11.2012;-32;-22.371;да;true;10;17:39;00:03
13.11.2012;48;29.237;--;1;70;01:04;18:56
14.11.2012;1;-13.269;true;0;0;01:42;--
15.11.2012;27;41.737;-;--;65;--;18:52
16.11.2012;-39;-8.131;+;--;20;21:54;21:18
17.11.2012;10;-17.754;--;1;50;14:14;16:20
18.11.2012;-33;-8.337;да;+;85;08:51;09:37
19.11.2012;-23;44.443;да;--;5;--;08:56
20.11.2012;-22;-0.926;0;-;85;12:04;13:49
21.11.2012;-17;-0.378;1;false;0;14:07;13:34
22.11.2012;-46;-23.352;false;+;55;15:18;09:12
23.11.2012;11;;1;+;100;--;16:54
24.11.2012;-11;-23.282;false;0;60;00:56;10:27
25.11.2012;-47;-0.619;1;false;45;20:59;21:54
26.11.2012;19;-4.251;нет;да;60;18:47;09:35
27.11.2012;-10;49.818;+;0;45;17:45;20:28
28.11.2012;27;-35.073;false;--;95;04:31;02:46
29.11.2012;-2;4.532;-;да;0;01:44;11:43
30.11.2012;-42;19.495;0;1;35;04:51;10:47
01.12.2012;-5;;нет;+;95;06:24;15:40
02.12.2012;28;-45.804;+;нет;;07:17;10:31
03.12.2012;20;-44.676;1;0;20;15:57;18:14
04.12.2012;34;-25.017;1;нет;85;16:17;09:27
05.12.2012;1;-17.794;false;1;;--;06:55
06.12.2012;49;-34.040;0;false;85;14:41;07:06
07.12.2012;--;44.792;0;--;25;--;20:46
08.12.2012;-35;-40.128;false;--;5;12:43;22:01
09.12.2012;-9;-48.918;-;да;20;03:56;22:38
10.12.2012;-22;-45.304;--;true;75;16:21;22:53
11.12.2012;-18;;false;-;100;18:05;06:16
12.12.2012;-19;-48.321;0;false;95;08:07;13:54
13.12.2012;17;;нет;true;20;--;09:14
14.12.2012;-34;-22.935;-;+;30;20:29;15:49
15.12.2012;3;10.548;-;false;35;06:01;00:45
16.12.2012;-19;13.444;0;да;10;13:52;05:06
17.12.2012;24;-15.892;true;1;55;22:35;12:57
18.12.2012;36;-10.801;-;да;95;18:56;15:12
19.12.2012;-10;-33.775;да;нет;45;23:41;22:55
20.12.2012;3;32.981;да;true;0;03:12;01:19
21.12.2012;--;-15.451;-;false;0;22:55;13:36
22.12.2012;20;32.342;да;false;95;03:23;12:57
23.12.2012;0;34.631;1;нет;40;01:22;--
24.12.2012;--;-7.571;0;false;0;12:24;--
25.12.2012;-8;27.708;да;+;0;03:53;08:41
26.12.2012;20;-35.301;+;1;;21:13;04:09
27.12.2012;-14;18.234;1;нет;70;--;12:43
28.12.2012;-3;22.503;да;false;30;16:58;14:45
29.12.2012;-38;15.584;--;true;5;16:09;20:08
30.12.2012;-2;-27.417;да;--;70;08:27;--
31.12.2012;-19;-13.545;+;false;85;--;22:33
01.01.2013;-8;8.544;true;true;;11:50;21:32
02.01.2013;19;-4.425;1;-;15;01:24;00:52
03.01.2013;35;-14.294;нет;true;20;20:02;16:34
04.01.2013;49;-36.493;+;true;60;13:07;21:18
05.01.2013;39;;false;1;85;09:59;14:35
06.01.2013;--;29.999;-;true;60;17:50;11:28
07.01.2013;2;35.884;0;нет;45;--;02:44
08.01.2013;-15;25.612;true;да;20;10:00;14:46
09.01.2013;42;37.452;--;--;10;08:41;11:34
10.01.2013;25;-25.280;--;да;100;07:37;14:45
11.01.2013;40;34.260;--;1;60;11:42;16:03
12.01.2013;-22;-22.475;0;1;100;11:27;--
13.01.2013;17;19.605;-;1;45;01:59;07:50
14.01.2013;-47;;нет;--;35;22:29;19:38
15.01.2013;17;-43.235;1;1;20;23:55;12:46
16.01.2013;-17;19.840;да;--;25;08:10;--
17.01.2013;--;24.163;да;true;10;06:57;11:15
18.01.2013;-43;3.349;-;1;80;14:25;20:49
19.01.2013;-7;;нет;-;;--;04:54
20.01.2013;-16;;нет;true;95;--;09:43
21.01.2013;20;;1;+;90;18:52;03:41
22.01.2013;38;39.948;true;false;85;21:51;21:51
23.01.2013;-24;-4.716;нет;0;100;08:09;07:04
24.01.2013;27;-1.436;true;false;90;09:14;00:52
25.01.2013;-48;25.264;+;+;55;12:29;--
26.01.2013;--;-17.920;-;0;;03:04;03:38
27.01.2013;29;-41.572;1;1;;08:31;16:38
28.01.2013;--;45.963;да;false;85;09:49;15:55
29.01.2013;-18;23.067;0;да;55;11:36;00:30
30.01.2013;--;-10.450;нет;да;90;14:22;05:01
31.01.2013;32;25.019;нет;false;75;05:10;04:29
01.02.2013;-21;17.743;1;-;30;00:34;16:54
02.02.2013;-43;-34.823;0;1;70;18:00;00:43
03.02.2013;-17;-37.902;1;нет;25;18:29;--
04.02.2013;-8;45.976;true;1;50;00:40;--
05.02.2013;-19;-34.781;-;1;55;10:31;00:12
06.02.2013;23;;true;0;85;--;01:17
07.02.2013;49;4.841;0;нет;90;--;--
08.02.2013;-15;;false;0;;13:20;23:56
09.02.2013;-31;-15.643;+;да;50;15:17;02:41
10.02.2013;26;-15.643;+;-;85;--;12:03
11.02.2013;-8;37.338;--;+;75;06:24;18:02
12.02.2013;20;47.808;false;--;40;10:22;04:17
13.02.2013;-48;;true;true;60;22:26;19:15
14.02.2013;48;;нет;+;95;11:29;18:02
15.02.2013;2;14.889;true;-;90;06:12;10:10
16.02.2013;31;2.134;+;false;;09:57;03:07
17.02.2013;32;48.503;-;--;35;--;16:19
18.02.2013;-39;-32.064;1;да;60;12:22;07:35
19.02.2013;-21;-23.249;да;false;80;04:41;16:25
20.02.2013;-3;36.655;+;1;30;12:35;19:45
21.02.2013;28;-8.558;0;--;75;13:46;20:10
22.02.2013;36;-3.290;true;да;;00:06;14:00
23.02.2013;4;10.701;0;1;75;21:35;18:45
24.02.2013;18;-38.984;--;0;55;08:44;--
25.02.2013;-2;14.897;-;--;85;18:39;18:55
26.02.2013;12;36.440;1;да;5;07:04;09:41
27.02.2013;19;-13.962;--;true;70;12:41;11:28
28.02.2013;34;17.419;true;--;35;06:58;19:22
01.03.2013;--;-49.408;true;false;15;11:06;20:40
02.03.2013;8;;0;+;55;04:36;12:13
03.03.2013;-47;;false;-;;17:44;06:23
04.03.2013;-37;22.930;+;нет;100;03:09;10:05
05.03.2013;-17;-1.521;0;0;80;15:48;08:19
06.03.2013;--;4.817;нет;1;90;--;02:29
07.03.2013;12;37.284;0;0;100;--;11:23
08.03.2013;13;-25.245;1;1;;15:38;19:55
09.03.2013;-28;1.312;true;да;5;09:17;17:19
10.03.2013;-46;-28.852;1;нет;30;21:25;16:46
11.03.2013;50;-15.001;+;true;75;--;01:52
12.03.2013;6;28.898;+;нет;80;10:57;--
13.03.2013;11;-6.915;--;0;85;11:09;19:39
14.03.2013;-39;;да;1;70;17:39;01:52
15.03.2013;-36;48.225;1;false;45;09:39;01:10
16.03.2013;35;6.377;0;0;35;04:00;16:38
17.03.2013;0;-22.358;+;true;85;22:47;20:51
18.03.2013;13;-14.452;+;да;60;18:14;20:32
19.03.2013;47;-28.455;нет;--;80;09:08;23:47
20.03.2013;--;25.773;+;1;85;00:29;22:29
21.03.2013;8;-48.343;нет;0;75;12:19;04:16
22.03.2013;42;-3.200;--;false;25;07:18;13:25
23.03.2013;--;;false;нет;90;07:00;05:54
24.03.2013;31;1.569;да;1;60;01:46;--
25.03.2013;-24;-14.368;--;да;35;16:26;13:22
26.03.2013;--;17.719;0;false;15;23:30;20:24
27.03.2013;21;-39.386;true;1;100;19:37;14:12
28.03.2013;-36;30.562;да;+;30;11:31;15:50
29.03.2013;18;24.862;+;+;45;--;--
30.03.2013;-11;-36.096;нет;да;70;01:05;13:56
31.03.2013;15;48.993;1;нет;60;20:01;18:04
01.04.2013;-25;-24.359;0;false;50;01:09;04:14
02.04.2013;25;;0;+;80;09:43;03:31
03.04.2013;27;-46.849;да;+;45;04:39;14:52
04.04.2013;35;-37.018;-;1;85;--;23:38
05.04.2013;-38;31.821;--;true;80;11:55;01:06
06.04.2013;-15;21.379;--;нет;100;05:27;08:13
07.04.2013;--;;да;true;10;--;12:46
08.04.2013;--;39.192;-;нет;80;17:33;20:40
09.04.2013;25;;true;0;60;21:20;22:30
10.04.2013;-16;-37.523;0;нет;55;14:24;04:55
11.04.2013;--;-9.358;+;true;55;22:48;21:32
12.04.2013;8;;true;--;35;03:14;18:58
13.04.2013;-28;-32.396;true;1;65;02:56;--
14.04.2013;-7;33.323;нет;да;90;12:02;19:13
15.04.2013;-39;26.842;0;false;;18:39;23:18
16.04.2013;30;11.646;true;1;45;21:48;19:55
17.04.2013;--;-20.275;+;true;75;16:33;10:45
18.04.2013;42;4.344;да;-;15;07:43;03:15
19.04.2013;46;4.045;-;+;85;15:47;22:16
20.04.2013;-9;-29.602;+;--;65;15:12;--
21.04.2013;-22;-45.604;--;false;15;--;01:53
22.04.2013;-43;43.723;false;0;90;21:54;07:57
23.04.2013;-29;30.922;true;0;85;17:48;06:09
24.04.2013;2;44.143;true;-;55;22:33;17:17
25.04.2013;--;;-;нет;30;05:40;01:11
26.04.2013;--;;+;1;55;16:08;04:25
27.04.2013;-45;-1.286;true;1;90;18:43;09:11
28.04.2013;33;13.608;0;да;0;21:56;19:32
29.04.2013;-13;7.239;--;false;;12:13;16:01
30.04.2013;--;0.080;false;1;20;13:33;00:35
01.05.2013;-19;-43.854;true;false;0;14:52;02:14
02.05.2013;40;;false;0;10;09:50;19:00
03.05.2013;-46;-49.855;true;0;15;20:12;11:50
04.05.2013;13;20.715;да;1;5;19:55;--
05.05.2013;1;47.316;да;true;0;16:26;10:39
06.05.2013;-18;-16.044;+;+;45;13:48;14:16
07.05.2013;-25;-13.724;false;-;60;21:25;15:30
08.05.2013;-45;;нет;true;;06:53;06:17
09.05.2013;34;;да;-;5;15:17;21:07
10.05.2013;-42;;да;да;35;06:49;22:03
11.05.2013;-8;;да;-;95;14:04;14:07
12.05.2013;5;-16.065;true;+;65;17:05;--
13.05.2013;41;-11.083;true;false;80;11:10;17:39
14.05.2013;18;42.025;--;-;60;22:34;09:42
15.05.2013;-2;2.615;false;true;100;06:29;18:49
16.05.2013;-19;-34.171;-;1;10;00:14;22:28
17.05.2013;-41;;1;+;90;17:04;22:05
18.05.2013;48;-3.618;да;нет;10;05:53;17:56
19.05.2013;29;-7.248;false;--;90;23:33;08:49
20.05.2013;24;;нет;false;;--;02:02
21.05.2013;20;40.731;1;-;;11:09;10:24
22.05.2013;-35;-21.238;да;1;75;22:50;--
23.05.2013;19;-14.026;+;0;70;08:13;19:35
24.05.2013;-45;-43.013;false;1;10;15:56;01:28
25.05.2013;-5;-21.612;1;нет;95;14:00;06:30
26.05.2013;-20;0.449;0;0;45;--;14:18
27.05.2013;--;7.519;false;0;90;14:03;08:00
28.05.2013;5;6.855;false;--;10;09:46;--
29.05.2013;-41;-32.943;нет;1;30;15:51;--
30.05.2013;9;-9.007;true;false;5;19:19;13:21
31.05.2013;12;-21.778;true;true;;00:37;03:11
01.06.2013;2;-45.836;false;true;70;06:20;14:40
02.06.2013;--;-40.023;-;+;25;06:24;--
03.06.2013;--;-17.045;1;нет;80;--;05:23
04.06.2013;-38;-4.556;true;1;60;00:35;02:15
05.06.2013;-1;39.198;false;true;;21:07;10:40
06.06.2013;-7;-11.436;-;1;0;12:32;02:43
07.06.2013;9;;--;0;20;06:29;--
08.06.2013;29;3.145;1;false;65;18:41;14:41
09.06.2013;--;21.784;true;нет;90;02:08;07:59
10.06.2013;-13;-38.470;да;--;30;--;22:15
11.06.2013;-6;14.172;+;false;85;02:59;13:52
12.06.2013;-35;33.413;--;--;60;06:02;00:20
13.06.2013;2;-39.819;-;false;55;14:46;15:14
14.06.2013;45;-35.885;0;false;15;13:16;00:04
15.06.2013;-15;8.949;+;нет;70;02:57;23:13
16.06.2013;-48;-43.831;true;нет;20;18:29;18:23
17.06.2013;4;-37.454;true;да;25;17:41;19:53
18.06.2013;-39;24.907;false;0;20;14:06;01:22
19.06.2013;-25;-36.231;нет;да;25;14:15;08:09
20.06.2013;41;-36.879;0;false;40;12:42;02:18
21.06.2013;-28;-30.912;--;+;85;08:21;17:52
22.06.2013;11;-19.517;--;1;40;10:43;--
23.06.2013;31;-3.834;false;да;85;03:32;17:28
24.06.2013;11;-27.119;+;true;10;01:09;14:57
25.06.2013;-5;-36.795;false;нет;;--;19:28
26.06.2013;--;-48.688;0;true;85;16:27;18:57
27.06.2013;-12;-40.841;true;+;35;10:08;14:39
28.06.2013;-16;27.183;+;+;0;14:33;04:21
29.06.2013;-5;-29.327;да;--;;--;17:18
30.06.2013;-36;30.322;-;+;10;08:22;03:38
01.07.2013;-4;35.873;0;--;85;08:33;01:43
02.07.2013;33;-40.709;false;-;65;00:32;05:11
03.07.2013;49;32.539;-;true;;17:38;08:57
04.07.2013;--;11.032;0;1;20;21:14;--
05.07.2013;37;-29.701;true;-;5;13:18;16:09
06.07.2013;36;6.768;true;false;70;11:47;01:19
07.07.2013;26;-31.797;-;--;30;07:43;19:54
08.07.2013;-25;38.251;+;false;85;02:31;03:40
09.07.2013;-47;9.772;0;нет;90;--;22:30
10.07.2013;30;-10.223;false;false;95;07:06;12:21
11.07.2013;11;-26.917;1;true;20;03:49;17:14
12.07.2013;-48;-49.436;да;1;40;11:05;12:10
13.07.2013;5;31.058;+;false;15;00:33;11:38
14.07.2013;-49;45.272;нет;true;15;19:59;09:31
15.07.2013;--;-10.198;false;0;35;11:28;06:40
16.07.2013;32;46.832;да;-;50;17:09;--
17.07.2013;48;-18.311;false;true;95;15:50;15:59
18.07.2013;-14;31.953;false;нет;40;17:49;10:00
19.07.2013;8;32.689;true;1;65;08:40;09:43
20.07.2013;--;;-;1;65;21:37;04:43
21.07.2013;--;40.767;true;false;5;19:41;20:02
22.07.2013;-27;22.250;нет;да;85;03:55;23:09
23.07.2013;-10;;true;true;35;06:45;11:11
24.07.2013;-24;-37.194;false;+;40;04:03;14:15
25.07.2013;12;4.459;true;1;;21:31;20:58
26.07.2013;-37;37.170;-;+;15;23:40;13:30
27.07.2013;39;-30.682;-;true;55;01:33;09:12
28.07.2013;14;;да;true;15;01:37;01:35
29.07.2013;38;-24.423;нет;нет;5;03:44;13:29
30.07.2013;-15;-49.744;--;--;20;07:38;13:49
31.07.2013;23;4.947;1;true;45;14:04;04:51
01.08.2013;-22;48.430;-;да;5;19:06;15:49
02.08.2013;-27;-28.109;+;да;5;21:04;07:42
03.08.2013;-5;-3.854;1;1;40;12:07;10:15
04.08.2013;-47;33.787;true;true;50;06:38;17:06
05.08.2013;-30;-4.469;false;false;100;01:33;08:02
06.08.2013;26;-15.234;-;true;0;06:51;11:58
07.08.2013;20;-11.586;1;--;95;02:19;00:35
08.08.2013;-26;45.401;false;-;50;00:58;21:15
09.08.2013;-12;3.208;false;+;20;17:14;05:17
10.08.2013;-35;8.198;нет;+;40;09:47;18:54
11.08.2013;-36;20.085;нет;1;85;14:02;18:38
12.08.2013;-9;;0;--;30;--;--
13.08.2013;-6;-43.966;нет;0;15;--;--
14.08.2013;26;-41.950;+;true;;05:18;01:44
15.08.2013;-37;-28.918;0;false;50;14:28;22:26
16.08.2013;26;28.634;1;false;35;--;02:54
17.08.2013;--;-24.793;true;+;15;--;09:23
18.08.2013;-27;-34.299;0;0;80;11:16;14:41
19.08.2013;-40;-17.091;--;-;55;--;14:50
20.08.2013;22;13.025;-;--;;15:38;03:24
21.08.2013;-11;-40.095;false;+;65;11:49;02:43
22.08.2013;-31;35.463;0;true;60;08:16;22:24
23.08.2013;-41;-22.044;1;да;80;19:36;15:49
24.08.2013;-47;-34.179;нет;-;55;16:05;18:17
25.08.2013;-5;42.916;+;-;60;18:34;14:36
26.08.2013;1;37.169;-;да;45;08:05;12:40
27.08.2013;5;18.414;да;1;;22:56;18:51
28.08.2013;34;44.140;false;нет;;04:22;23:10
29.08.2013;-13;17.912;нет;-;10;07:24;02:10
30.08.2013;-10;10.524;true;-;;14:00;02:58
31.08.2013;--;44.520;--;true;80;12:38;07:17
01.09.2013;-11;-33.271;нет;false;80;18:13;03:37
02.09.2013;48;-46.588;1;true;10;--;19:42
03.09.2013;-18;-11.163;1;нет;90;--;04:35
04.09.2013;23;-46.679;--;0;5;04:06;04:30
05.09.2013;49;19.947;-;1;50;05:34;07:09
06.09.2013;-48;30.079;+;-;;03:34;10:26
07.09.2013;16;29.019;+;-;80;21:33;10:24
08.09.2013;-1;27.734;да;-;70;23:35;--
09.09.2013;10;14.828;-;0;75;17:14;22:29
10.09.2013;9;33.793;1;0;85;05:09;14:26
11.09.2013;-39;-4.582;false;--;80;10:17;11:17
12.09.2013;15;40.423;false;--;95;00:33;21:27
13.09.2013;25;-37.988;+;нет;30;--;04:33
14.09.2013;-36;-43.297;-;нет;;00:28;00:45
15.09.2013;--;-14.612;нет;--;30;05:29;22:06
16.09.2013;--;36.542;да;1;60;14:39;--
17.09.2013;-43;16.622;0;да;40;14:17;12:53
18.09.2013;23;1.053;нет;false;10;02:12;--
19.09.2013;42;47.370;нет;+;20;07:41;14:39
20.09.2013;7;46.871;да;false;0;17:15;22:16
21.09.2013;-23;-37.691;0;-;5;09:50;23:50
22.09.2013;34;-34.516;+;0;85;06:59;15:15
23.09.2013;-41;42.812;0;1;5;--;21:12
24.09.2013;-4;;true;--;15;08:06;13:02
25.09.2013;6;7.154;true;+;100;09:11;17:26
26.09.2013;13;-26.911;-;да;0;06:09;--
27.09.2013;50;13.255;0;false;75;05:36;08:02
28.09.2013;18;-17.060;-;да;95;--;21:18
29.09.2013;-38;-32.625;0;1;75;16:01;15:38
30.09.2013;42;-32.495;1;0;45;12:55;06:09
01.10.2013;-44;-1.901;--;нет;60;--;13:45
02.10.2013;-21;-42.062;1;true;40;--;07:38
03.10.2013;5;;0;1;;22:31;11:15
04.10.2013;20;-7.766;да;1;30;22:40;15:32
05.10.2013;-3;;--;0;90;14:28;13:42
06.10.2013;28;;1;0;50;04:26;05:45
07.10.2013;36;-8.915;0;-;15;00:54;21:55
08.10.2013;-29;21.833;+;нет;5;17:19;02:55
09.10.2013;-3;19.779;0;--;95;12:30;11:49
10.10.2013;41;;--;false;35;07:06;00:33
11.10.2013;-41;31.766;true;--;60;21:23;23:19
12.10.2013;--;-30.490;0;0;45;11:10;15:29
13.10.2013;-30;-15.780;--;false;80;10:08;--
14.10.2013;--;-27.434;true;0;95;23:30;23:35
15.10.2013;-2;37.518;-;--;65;04:07;10:33
16.10.2013;5;17.988;true;--;0;--;09:50
17.10.2013;-25;-38.811;нет;0;15;11:22;01:16
18.10.2013;-45;25.921;false;нет;60;05:50;04:42
19.10.2013;45;-12.276;+;0;55;22:34;22:16
20.10.2013;40;-14.531;-;нет;10;13:11;12:54
21.10.2013;-1;-29.275;1;1;100;01:11;--
22.10.2013;28;-36.643;нет;да;95;--;03:38
23.10.2013;30;32.491;false;true;20;18:24;18:00
24.10.2013;0;-44.201;false;да;35;04:01;14:30
25.10.2013;41;;-;--;100;05:10;02:31
26.10.2013;26;42.956;1;+;25;05:41;12:48
27.10.2013;--;43.193;0;+;40;15:10;15:37
28.10.2013;-8;-8.899;true;true;25;01:26;15:30
29.10.2013;-42;31.612;0;+;100;17:36;07:12
30.10.2013;0;-20.910;нет;-;60;23:54;23:18
31.10.2013;39;;0;--;15;07:18;14:50
01.11.2013;--;-20.505;--;false;60;17:40;14:21
02.11.2013;33;-39.042;0;--;10;17:26;11:13
03.11.2013;48;-38.616;false;0;65;20:27;19:58
04.11.2013;-48;-9.934;true;true;10;20:06;17:26
05.11.2013;5;-34.533;--;true;15;04:34;09:35
06.11.2013;13;47.181;--;0;70;01:00;19:57
07.11.2013;29;-42.930;1;true;60;17:10;16:05
08.11.2013;22;;1;да;10;15:14;18:58
09.11.2013;5;15.319;false;+;10;16:06;18:36
10.11.2013;-36;-34.212;false;нет;20;22:22;11:51
11.11.2013;-35;15.380;true;--;70;10:54;14:48
12.11.2013;37;2.974;0;нет;65;--;--
13.11.2013;4;-38.586;+;true;70;17:21;17:19
14.11.2013;-23;4.306;нет;нет;70;02:05;22:08
15.11.2013;-31;-24.665;1;true;65;08:46;08:49
16.11.2013;-48;-2.736;true;1;40;15:02;23:09
17.11.2013;-29;9.242;нет;true;30;04:17;15:58
18.11.2013;-19;-12.401;нет;1;45;--;02:58
19.11.2013;36;22.630;--;нет;40;22:23;04:22
20.11.2013;-7;-19.259;+;--;10;07:14;00:52
21.11.2013;-34;7.159;-;+;35;20:27;07:09
22.11.2013;33;-44.889;нет;false;20;01:29;07:24
23.11.2013;-21;-13.366;да;false;65;00:46;15:23
24.11.2013;25;-23.345;-;--;45;15:34;13:32
25.11.2013;-7;-44.738;true;0;0;10:36;02:50
26.11.2013;-13;-3.924;нет;-;95;21:13;--
27.11.2013;-15;-8.086;1;-;5;--;14:03
28.11.2013;44;2.218;да;да;60;11:32;17:29
29.11.2013;3;-25.097;-;0;5;--;01:58
30.11.2013;-24;-27.302;true;1;60;14:22;02:57
01.12.2013;11;25.606;нет;нет;25;12:12;15:51
02.12.2013;8;47.736;+;да;25;01:49;15:55
03.12.2013;1;-9.340;1;true;75;--;00:43
04.12.2013;-14;-9.306;нет;--;35;22:38;15:02
05.12.2013;-16;22.171;0;false;;06:47;06:03
06.12.2013;--;-29.919;false;+;5;--;16:10
07.12.2013;29;-49.735;false;да;15;13:17;23:21
08.12.2013;-28;;-;0;;07:17;08:42
09.12.2013;30;-15.865;нет;0;;15:59;--
10.12.2013;--;40.851;true;--;45;07:25;14:54
11.12.2013;28;-7.916;true;да;45;13:10;06:13
12.12.2013;-33;2.992;+;нет;60;--;--
13.12.2013;-41;35.368;+;--;100;20:03;14:22
14.12.2013;37;10.379;+;--;35;04:54;20:07
15.12.2013;44;-8.899;-;+;85;08:53;14:13
16.12.2013;-44;-21.627;false;1;;08:08;21:35
17.12.2013;-20;-25.146;true;0;95;23:18;03:57
18.12.2013;1;-28.481;1;0;90;18:48;12:52
19.12.2013;19;34.444;true;+;50;22:33;06:30
20.12.2013;--;-4.236;нет;false;45;22:07;16:18
21.12.2013;34;-27.202;--;1;85;03:08;02:07
22.12.2013;18;;+;0;95;18:25;11:56
23.12.2013;37;2.083;да;-;95;07:51;19:55
24.12.2013;--;-48.419;нет;false;5;--;07:47
25.12.2013;-37;4.144;+;да;10;10:18;14:55
26.12.2013;12;-28.987;0;--;65;06:57;16:33
27.12.2013;6;-35.599;false;-;30;08:49;18:10
28.12.2013;50;-29.268;false;1;65;11:26;10:58
29.12.2013;49;-43.131;false;нет;20;23:38;07:05
30.12.2013;7;37.518;--;+;55;03:14;21:11
31.12.2013;-8;39.620;false;нет;50;12:17;15:37
01.01.2014;-34;;true;0;90;08:34;16:41
02.01.2014;49;22.017;да;-;95;23:39;--
03.01.2014;-25;32.654;0;true;60;18:11;13:43
04.01.2014;21;20.268;нет;-;60;01:28;22:30
05.01.2014;41;47.769;-;1;35;--;08:47
06.01.2014;-11;36.630;-;0;0;17:54;02:10
07.01.2014;--;-40.464;false;да;25;02:18;14:56
08.01.2014;18;17.026;-;false;10;13:00;03:36
09.01.2014;-16;3.501;false;да;60;06:57;18:23
10.01.2014;-20;-28.214;--;нет;40;09:38;07:47
11.01.2014;33;18.966;0;--;95;18:49;09:17
12.01.2014;3;-2.865;да;1;35;23:20;10:47
13.01.2014;-1;-26.201;--;нет;75;06:18;09:50
14.01.2014;-11;;+;-;55;01:54;22:44
15.01.2014;28;-12.628;1;1;0;22:22;--
16.01.2014;14;35.288;да;false;;00:43;--
17.01.2014;-16;33.273;да;-;30;07:29;00:07
18.01.2014;-20;-42.480;true;0;25;06:19;14:20
19.01.2014;-18;19.942;да;да;10;22:17;14:09
20.01.2014;11;32.957;-;true;;18:22;14:08
21.01.2014;14;7.033;+;1;90;21:32;19:01
22.01.2014;36;28.347;0;+;;13:13;23:04
23.01.2014;-36;;да;false;40;22:31;20:17
24.01.2014;32;-49.411;1;нет;30;--;16:16
25.01.2014;-49;-12.037;--;+;65;18:45;10:55
26.01.2014;-17;-19.378;да;false;70;20:34;--
27.01.2014;50;14.508;да;false;;01:21;14:17
28.01.2014;-30;-36.529;-;+;95;00:17;10:22
29.01.2014;50;46.406;нет;+;75;19:36;20:54
30.01.2014;44;-48.836;0;true;95;--;12:09
31.01.2014;--;;true;-;5;08:02;22:54
01.02.2014;29;0.595;да;-;95;16:51;17:12
02.02.2014;7;-9.515;да;1;10;00:33;02:06
03.02.2014;45;-35.343;false;0;15;20:16;05:16
04.02.2014;-23;-31.500;1;1;75;16:35;12:53
05.02.2014;-47;-2.070;+;+;65;21:20;02:05
06.02.2014;-3;-10.500;+;0;95;07:14;11:14
07.02.2014;25;;нет;нет;60;03:45;16:24
08.02.2014;24;-10.610;false;--;10;01:51;13:14
09.02.2014;-24;46.188;--;false;20;--;17:45
10.02.2014;-10;41.919;+;+;45;20:41;02:59
11.02.2014;16;;да;нет;85;14:34;12:08
12.02.2014;49;31.766;-;false;5;09:21;03:47
13.02.2014;-50;44.382;-;--;25;17:00;14:45
14.02.2014;-12;-21.703;нет;--;70;18:39;07:34
15.02.2014;--;-20.876;false;да;5;10:46;04:31
16.02.2014;43;-13.713;false;нет;60;--;19:40
17.02.2014;--;32.061;нет;true;75;09:54;--
18.02.2014;47;-6.775;--;+;40;22:17;09:51
19.02.2014;32;33.210;1;false;75;22:50;02:22
20.02.2014;-43;-0.314;--;false;;04:53;00:51
21.02.2014;26;6.472;+;--;75;01:13;08:30
22.02.2014;--;-48.558;+;false;50;05:16;05:33
23.02.2014;35;-44.352;да;0;;07:47;07:25
24.02.2014;-46;-48.228;1;--;35;19:43;22:55
25.02.2014;37;-24.954;--;false;;18:32;--
26.02.2014;-20;47.864;нет;1;60;11:23;07:00
27.02.2014;-9;14.445;--;+;10;22:24;03:13
28.02.2014;50;11.285;нет;-;45;20:00;18:49
01.03.2014;41;12.989;-;true;75;16:57;23:36
02.03.2014;-30;13.228;нет;--;25;09:20;--
03.03.2014;-11;-0.261;+;да;5;10:48;17:19
04.03.2014;-31;21.677;да;+;30;23:50;22:29
05.03.2014;-5;-44.022;false;--;65;02:32;19:54
06.03.2014;-3;-43.550;--;1;75;13:14;12:42
07.03.2014;--;;нет;-;90;14:55;12:28
08.03.2014;-40;38.676;+;1;45;12:51;01:52
09.03.2014;-45;10.593;+;true;90;06:56;07:13
10.03.2014;28;-40.664;--;--;65;17:40;22:58
11.03.2014;-16;46.457;1;-;5;16:04;18:15
12.03.2014;-5;35.865;1;нет;65;--;10:14
13.03.2014;31;-49.164;-;--;95;--;10:23
14.03.2014;42;34.000;0;нет;90;13:41;07:33
15.03.2014;25;7.505;-;false;65;01:43;21:53
16.03.2014;18;-3.370;+;false;55;01:57;06:36
17.03.2014;-27;-2.044;true;-;20;08:33;15:14
18.03.2014;--;30.000;да;0;65;08:32;01:13
19.03.2014;-6;46.983;нет;нет;35;03:42;04:44
20.03.2014;-29;39.230;false;true;;02:28;12:37
21.03.2014;33;-11.121;-;--;100;07:42;03:12
22.03.2014;-29;-25.424;--;true;;20:05;01:57
23.03.2014;17;-7.268;1;--;25;20:15;11:56
24.03.2014;--;38.868;true;+;80;22:35;12:57
25.03.2014;-3;40.031;нет;--;50;01:20;04:46
26.03.2014;29;-40.736;0;1;65;10:51;13:48
27.03.2014;-2;31.397;+;да;55;10:54;15:51
28.03.2014;-46;37.016;--;--;20;10:02;08:02
29.03.2014;42;38.820;да;true;15;08:14;19:08
30.03.2014;35;-43.399;true;0;45;05:27;20:06
31.03.2014;16;32.967;1;--;75;11:43;--
01.04.2014;-32;;-;true;0;03:37;03:35
02.04.2014;-3;-20.037;--;0;55;21:00;01:33
03.04.2014;-40;31.453;false;false;30;02:30;06:23
04.04.2014;-13;47.375;--;false;0;--;12:50
05.04.2014;-49;-47.785;-;true;55;--;07:30
06.04.2014;-32;-36.195;1;true;35;08:18;18:50
07.04.2014;26;11.259;1;--;85;08:29;20:31
08.04.2014;35;31.169;+;да;85;18:26;23:42
09.04.2014;50;-23.206;нет;нет;70;07:28;20:54
10.04.2014;11;35.116;1;-;75;10:06;22:45
11.04.2014;25;-33.674;+;1;95;08:14;07:07
12.04.2014;-22;15.873;true;+;95;10:21;01:54
13.04.2014;--;-9.852;нет;0;10;--;12:50
14.04.2014;-21;-40.342;--;1;85;--;16:49
15.04.2014;18;-21.107;да;нет;50;21:05;23:47
16.04.2014;39;-49.401;true;false;90;22:36;10:08
17.04.2014;-33;8.474;+;false;15;12:46;--
18.04.2014;-41;37.710;да;да;50;17:27;17:07
19.04.2014;-24;35.925;-;-;55;16:03;--
20.04.2014;-31;-24.198;1;1;;21:38;21:02
21.04.2014;-40;-7.192;true;нет;60;07:33;06:53
22.04.2014;--;;да;false;60;19:16;20:58
23.04.2014;-38;15.873;false;--;45;19:50;05:21
24.04.2014;-38;8.366;false;+;100;--;11:17
25.04.2014;-23;-20.387;+;true;45;--;10:15
26.04.2014;15;10.641;false;true;;09:41;00:30
27.04.2014;17;32.719;+;-;100;21:53;09:17
28.04.2014;6;;1;+;45;14:54;06:34
29.04.2014;6;-19.808;+;-;75;11:34;08:21
30.04.2014;41;46.826;+;--;25;03:35;18:52
01.05.2014;40;-43.200;false;false;35;06:37;23:02
02.05.2014;-6;44.608;0;0;95;13:32;20:28
03.05.2014;49;-6.154;нет;--;90;15:02;15:42
04.05.2014;31;7.060;0;false;25;11:50;--
05.05.2014;16;-28.724;true;1;45;14:47;14:00
06.05.2014;-7;42.616;1;нет;50;--;21:14
07.05.2014;42;-28.240;-;--;0;11:44;21:54
08.05.2014;-15;-23.710;+;--;45;19:13;07:58
09.05.2014;19;-20.579;нет;1;5;07:13;16:07
10.05.2014;44;;+;0;35;11:38;10:14
11.05.2014;2;1.212;нет;1;20;20:29;21:59
12.05.2014;44;-8.450;true;-;40;07:29;03:20
13.05.2014;6;-13.630;+;1;35;13:16;16:55
14.05.2014;-30;5.028;нет;1;90;00:37;05:04
15.05.2014;45;-42.863;нет;нет;65;13:03;04:42
16.05.2014;--;-25.706;нет;true;60;00:49;09:19
17.05.2014;--;;нет;--;80;--;18:30
18.05.2014;-3;17.089;1;+;35;06:35;19:44
19.05.2014;14;-6.160;1;-;35;01:12;04:02
20.05.2014;36;30.241;+;true;40;09:07;02:00
21.05.2014;-40;-31.355;+;true;90;19:18;12:14
22.05.2014;-36;-42.415;0;-;95;02:54;--
23.05.2014;43;;+;--;80;11:32;12:44
24.05.2014;-32;2.069;да;нет;95;02:12;12:43
25.05.2014;3;-12.639;+;--;15;12:33;14:03
26.05.2014;-41;46.484;-;1;60;11:47;06:55
27.05.2014;-29;10.795;--;true;70;10:02;20:11
28.05.2014;9;-20.020;+;+;20;08:06;20:33
29.05.2014;-19;43.789;+;да;40;07:40;17:11
30.05.2014;30;-8.009;-;да;75;02:22;03:00
31.05.2014;37;-10.477;+;нет;;01:58;--
01.06.2014;-42;;--;false;40;04:52;21:38
02.06.2014;25;-47.101;0;1;35;18:04;10:25
03.06.2014;25;-2.469;--;true;55;01:29;18:58
04.06.2014;20;-41.703;0;-;75;23:43;12:48
05.06.2014;22;19.080;-;да;60;00:11;01:59
06.06.2014;10;39.056;--;--;45;03:05;03:26
07.06.2014;-44;41.294;false;-;60;07:43;15:23
08.06.2014;-9;49.311;1;false;85;13:20;11:01
09.06.2014;34;-24.458;-;нет;95;14:08;16:12
10.06.2014;27;27.676;-;+;75;06:11;13:02
11.06.2014;-6;15.183;false;нет;70;07:39;00:55
12.06.2014;-5;-20.571;0;--;45;01:54;06:03
13.06.2014;-4;-25.614;1;да;40;05:55;06:04
14.06.2014;-44;-0.629;true;1;90;--;--
15.06.2014;--;-23.865;false;-;95;16:00;09:26
16.06.2014;--;-8.916;-;да;35;20:19;07:42
17.06.2014;5;17.351;нет;нет;100;21:45;16:18
18.06.2014;-49;29.044;нет;-;;02:33;--
19.06.2014;--;-27.074;нет;-;55;11:41;16:44
20.06.2014;5;39.933;1;--;85;02:52;05:34
21.06.2014;-25;24.747;-;да;50;18:35;--
22.06.2014;47;49.297;1;-;15;22:49;09:44
23.06.2014;46;-37.736;нет;false;75;18:17;13:51
24.06.2014;36;-12.458;-;false;85;19:03;13:39
25.06.2014;-23;38.330;-;нет;25;13:12;17:31
26.06.2014;-30;42.268;1;0;45;09:51;02:29
27.06.2014;-26;;1;нет;100;17:08;12:27
28.06.2014;-25;-2.657;--;+;80;--;16:31
29.06.2014;10;-9.674;0;+;90;06:31;12:16
30.06.2014;--;5.640;0;true;;23:32;--
01.07.2014;18;-16.418;нет;да;45;--;23:32
02.07.2014;-24;-1.083;0;да;85;15:16;17:29
03.07.2014;34;-4.327;+;1;70;16:53;--
04.07.2014;-8;37.566;--;true;75;09:53;15:03
05.07.2014;-1;-19.506;--;1;95;07:11;18:23
06.07.2014;14;37.106;false;false;70;14:16;12:33
07.07.2014;18;-32.168;--;--;10;19:09;14:41
08.07.2014;-41;28.407;true;нет;;09:51;07:08
09.07.2014;-43;-37.666;1;--;60;13:31;14:04
10.07.2014;42;-23.672;+;0;75;13:33;17:33
11.07.2014;13;-27.934;true;нет;15;11:45;22:33
12.07.2014;25;-39.680;+;true;90;05:29;04:08
13.07.2014;-28;-21.746;-;нет;95;23:06;15:34
14.07.2014;29;-6.378;false;1;5;22:58;13:31
15.07.2014;32;20.593;false;да;35;09:04;06:18
16.07.2014;10;12.870;false;--;50;10:58;07:51
17.07.2014;43;;нет;нет;70;05:38;12:23
18.07.2014;-26;4.304;да;1;;16:26;20:57
19.07.2014;-15;-36.746;--;0;30;05:07;13:36
20.07.2014;23;33.024;да;0;35;--;06:54
21.07.2014;-32;-5.564;false;1;85;16:36;17:26
22.07.2014;31;-43.912;+;да;5;13:29;23:12
23.07.2014;-15;19.587;--;true;60;12:13;15:44
24.07.2014;30;-11.834;--;-;60;04:32;20:25
25.07.2014;-40;11.444;0;--;55;04:43;13:29
26.07.2014;-44;;true;нет;90;22:32;08:34
27.07.2014;27;-23.482;нет;нет;65;19:06;06:33
28.07.2014;-22;-15.642;+;1;25;09:54;04:32
29.07.2014;-9;4.500;1;false;70;--;03:51
30.07.2014;-11;34.459;--;да;40;02:11;17:15
31.07.2014;--;-46.950;+;да;45;--;13:54
01.08.2014;50;0.144;1;1;5;02:04;17:12
02.08.2014;1;15.695;да;-;0;22:22;06:01
03.08.2014;-35;-35.106;да;+;85;01:45;07:46
04.08.2014;-18;28.609;false;--;30;07:24;17:51
05.08.2014;-12;-39.582;false;0;35;01:56;23:30
06.08.2014;-10;10.824;-;нет;65;20:52;19:28
07.08.2014;31;-2.866;-;1;10;19:29;17:47
08.08.2014;-1;-28.927;нет;+;80;14:28;15:14
09.08.2014;41;25.947;да;--;;23:47;21:40
10.08.2014;36;37.414;true;0;35;16:49;15:47
11.08.2014;33;;1;+;100;06:44;18:52
12.08.2014;1;-41.261;нет;+;40;03:41;08:45
13.08.2014;--;-26.131;+;да;85;--;18:02
14.08.2014;42;46.938;0;да;;--;--
15.08.2014;6;-17.791;0;нет;70;19:10;03:21
16.08.2014;18;26.148;0;--;90;15:32;10:58
17.08.2014;11;-46.780;0;0;5;19:31;17:10
18.08.2014;42;-30.819;0;1;90;18:42;01:25
19.08.2014;--;;да;нет;50;--;21:30
20.08.2014;-32;14.056;да;-;35;06:25;--
21.08.2014;24;35.011;да;нет;30;13:11;--
22.08.2014;-12;41.886;1;+;;06:01;23:51
23.08.2014;-12;;да;false;65;14:46;05:46
24.08.2014;-50;-43.709;1;да;;13:05;17:31
25.08.2014;48;;0;false;90;02:57;05:14
26.08.2014;-33;41.344;-;+;100;19:20;00:25
27.08.2014;--;-30.459;true;1;20;08:41;18:13
28.08.2014;28;16.594;+;да;;23:42;06:51
29.08.2014;20;;true;--;90;08:52;00:53
30.08.2014;-47;10.142;да;0;60;08:29;06:15
31.08.2014;47;-36.397;0;--;15;23:02;--
01.09.2014;36;-48.472;-;1;90;03:05;12:48
02.09.2014;-39;-9.292;+;false;30;08:41;05:50
03.09.2014;9;11.828;0;нет;5;--;17:53
04.09.2014;42;-34.055;0;+;45;16:09;--
05.09.2014;4;42.805;1;false;90;05:07;05:41
06.09.2014;9;-42.712;false;0;30;21:59;15:36
07.09.2014;0;-35.083;-;true;5;08:22;12:59
08.09.2014;0;-9.218;false;+;25;18:36;11:38
09.09.2014;14;21.892;да;+;15;05:04;22:50
10.09.2014;30;46.416;false;1;60;12:37;10:44
11.09.2014;--;49.226;нет;true;40;19:39;08:25
12.09.2014;22;-45.411;true;1;80;16:50;21:12
13.09.2014;-48;-20.735;+;нет;;06:55;19:39
14.09.2014;-10;-1.882;0;-;70;05:01;01:48
15.09.2014;38;26.191;-;--;70;08:11;06:52
16.09.2014;17;43.535;--;1;70;06:30;08:48
17.09.2014;4;-47.397;0;false;;05:54;05:32
18.09.2014;-31;30.689;1;false;50;05:13;23:22
19.09.2014;--;-1.772;0;+;10;08:14;21:38
20.09.2014;-3;-21.151;-;--;60;10:15;18:54
21.09.2014;-24;-9.446;нет;1;15;11:58;19:33
22.09.2014;-43;-6.254;да;+;35;07:59;23:21
23.09.2014;10;-15.259;true;+;55;03:17;08:16
24.09.2014;40;15.779;false;-;85;--;04:17
25.09.2014;-46;32.833;+;--;55;10:58;10:33
26.09.2014;24;;--;да;5;--;--
27.09.2014;-2;8.415;false;+;30;05:49;--
28.09.2014;-42;;--;-;80;05:38;00:36
29.09.2014;-12;-12.215;--;--;80;08:18;09:06
30.09.2014;34;28.581;1;-;50;11:00;11:41
01.10.2014;4;-21.737;0;+;40;15:03;19:16
02.10.2014;0;48.774;1;нет;85;03:43;10:41
03.10.2014;25;-21.255;+;--;;15:38;17:59
04.10.2014;29;-14.292;+;1;100;21:15;16:26
05.10.2014;-8;-9.636;1;-;0;10:12;13:31
06.10.2014;-22;29.820;да;1;65;11:15;17:48
07.10.2014;4;-42.018;1;false;55;--;--
08.10.2014;-24;-10.818;нет;1;45;04:20;00:44
09.10.2014;4;31.125;+;да;50;09:07;20:28
10.10.2014;-47;-25.294;true;1;20;23:17;17:04
11.10.2014;8;-26.428;false;+;30;14:32;12:35
12.10.2014;6;43.137;1;true;45;19:06;18:28
13.10.2014;-24;-16.870;да;-;25;02:25;22:29
14.10.2014;22;-26.092;да;0;;20:03;16:27
15.10.2014;6;-28.733;нет;--;50;06:30;16:23
16.10.2014;-29;7.594;нет;--;30;18:01;18:49
17.10.2014;-21;-36.985;да;true;85;--;02:59
18.10.2014;-5;13.010;+;1;45;00:15;--
19.10.2014;--;1.098;+;да;80;20:26;05:08
20.10.2014;--;2.177;false;+;65;11:22;--
21.10.2014;-45;-15.802;--;0;40;05:19;03:44
22.10.2014;-46;-26.555;да;0;70;10:43;22:48
23.10.2014;-2;-31.406;1;0;60;16:40;06:42
24.10.2014;36;-6.970;-;1;;07:56;23:45
25.10.2014;-20;10.740;да;-;75;23:12;00:12
26.10.2014;-23;-43.869;true;+;15;08:21;--
27.10.2014;-43;-33.365;--;1;25;04:54;06:31
28.10.2014;18;;--;true;35;19:56;14:34
29.10.2014;3;-19.212;-;-;85;01:43;01:15
30.10.2014;24;-7.688;true;нет;90;04:23;02:56
31.10.2014;48;-48.097;+;true;40;--;07:50
01.11.2014;-3;-2.242;+;да;95;03:26;13:37
02.11.2014;6;-6.673;0;0;0;17:56;--
03.11.2014;-33;-45.297;нет;true;20;23:39;09:54
04.11.2014;46;-2.512;0;нет;45;15:26;19:38
05.11.2014;28;-23.136;true;+;70;22:02;07:51
06.11.2014;-4;4.505;1;нет;;07:50;15:55
07.11.2014;14;12.341;1;1;80;19:59;19:00
08.11.2014;--;;-;да;15;15:21;11:52
09.11.2014;12;28.125;+;true;40;03:18;08:37
10.11.2014;33;-9.195;--;0;75;21:55;05:55
11.11.2014;-40;-34.605;1;-;30;--;03:37
12.11.2014;--;-11.043;да;0;80;13:35;14:31
13.11.2014;20;24.349;false;-;0;--;08:39
14.11.2014;-8;;--;+;55;02:35;17:17
15.11.2014;-29;-48.673;+;1;100;22:12;09:12
16.11.2014;-19;-28.074;1;--;20;20:53;06:27
17.11.2014;3;-21.108;+;нет;95;07:51;05:34
18.11.2014;-41;47.265;нет;+;35;23:51;00:50
19.11.2014;-12;13.506;1;-;10;11:58;05:32
20.11.2014;16;;false;+;;14:10;20:07
21.11.2014;-27;-42.795;+;0;65;17:26;12:47
22.11.2014;31;;1;1;0;10:36;22:06
23.11.2014;-29;41.773;+;нет;25;15:19;19:57
24.11.2014;-4;5.769;false;0;45;15:57;23:19
25.11.2014;8;-14.028;+;нет;20;02:25;13:10
26.11.2014;26;38.781;нет;да;5;04:58;12:42
27.11.2014;-8;-4.759;false;--;15;02:26;02:30
28.11.2014;34;38.401;+;0;;23:57;20:31
29.11.2014;3;-40.082;+;0;15;23:08;12:18
30.11.2014;7;;нет;нет;80;00:55;00:09
01.12.2014;32;4.476;false;нет;45;19:06;13:50
02.12.2014;5;;нет;+;90;21:07;00:20
03.12.2014;-23;-28.179;1;+;95;18:28;19:28
04.12.2014;-15;26.942;true;--;25;07:13;21:01
05.12.2014;-5;-17.178;+;да;0;22:20;12:00
06.12.2014;12;-24.951;0;--;0;12:35;10:52
07.12.2014;20;-8.777;0;true;30;06:10;--
08.12.2014;20;-36.517;false;--;15;12:32;02:15
09.12.2014;-16;-42.933;+;-;50;21:11;12:25
10.12.2014;-40;28.242;нет;false;85;09:37;04:56
11.12.2014;39;-25.322;--;--;30;08:51;10:01
12.12.2014;-11;-49.844;true;--;0;01:20;20:58
13.12.2014;-34;8.879;+;--;25;16:19;11:37
14.12.2014;-14;38.360;+;+;65;13:18;14:01
15.12.2014;-22;31.502;false;true;;04:15;08:38
16.12.2014;-17;-24.323;+;да;90;07:51;21:08
17.12.2014;47;-8.507;-;-;90;10:34;16:20
18.12.2014;45;-37.879;нет;false;40;21:36;00:08
19.12.2014;--;-8.523;--;+;85;06:54;08:49
20.12.2014;-11;48.963;да;true;60;08:58;09:03
21.12.2014;36;22.822;--;+;85;19:21;17:39
22.12.2014;-12;-23.145;нет;0;60;06:49;22:10
23.12.2014;10;38.074;--;-;85;23:12;23:21
24.12.2014;-49;28.842;1;0;10;09:30;20:22
25.12.2014;-9;-42.270;да;нет;85;09:32;14:37
26.12.2014;41;35.409;+;true;95;06:48;05:18
27.12.2014;-31;-20.875;1;false;45;15:43;02:19
28.12.2014;--;-2.029;-;false;75;03:07;20:19
29.12.2014;--;-13.941;0;--;;03:56;--
30.12.2014;--;13.394;0;-;50;11:00;18:18
31.12.2014;-16;;true;--;25;22:52;00:59
01.01.2015;-38;14.671;нет;да;60;02:51;05:18
02.01.2015;47;-19.858;1;0;30;23:30;10:18
03.01.2015;-32;5.852;нет;--;90;04:06;13:45
04.01.2015;-5;21.856;true;-;35;08:06;20:51
05.01.2015;44;-8.911;--;false;45;13:59;14:06
06.01.2015;26;36.687;+;да;0;02:21;19:30
07.01.2015;-22;27.794;нет;1;85;22:30;--
08.01.2015;3;32.973;да;false;10;02:58;22:49
09.01.2015;-42;13.974;-;+;95;06:39;14:20
10.01.2015;0;12.768;нет;false;5;10:13;23:24
11.01.2015;18;-28.009;false;0;80;19:46;21:17
12.01.2015;21;-2.088;нет;--;80;10:46;08:57
13.01.2015;-35;27.451;нет;0;0;07:19;06:55
14.01.2015;-17;43.732;true;0;95;01:17;02:15
15.01.2015;-36;-48.020;+;-;70;19:40;--
16.01.2015;31;-33.851;--;нет;55;11:53;07:13
17.01.2015;39;41.364;-;0;60;--;09:53
18.01.2015;-19;-48.821;0;нет;;03:49;21:33
19.01.2015;-22;-16.870;false;да;95;21:54;09:11
20.01.2015;-15;-2.059;0;нет;35;06:25;15:54
21.01.2015;-9;-16.722;-;false;75;19:27;09:29
22.01.2015;-22;16.768;+;1;40;01:20;18:18
23.01.2015;11;3.978;0;1;30;10:47;01:14
24.01.2015;-27;48.648;0;--;;13:49;03:26
25.01.2015;-31;;+;нет;75;14:34;21:59
26.01.2015;-14;-43.584;да;--;45;18:15;00:46
27.01.2015;--;13.940;true;0;30;15:22;19:14
28.01.2015;-35;-46.754;1;0;40;04:58;10:21
29.01.2015;--;-47.806;--;true;0;00:32;21:40
30.01.2015;-12;;--;1;;08:05;13:11
31.01.2015;49;;да;true;100;19:52;18:17
01.02.2015;-47;-31.220;true;нет;35;11:28;04:05
02.02.2015;-50;-18.382;нет;--;85;16:19;10:20
03.02.2015;7;49.410;да;true;80;20:06;10:29
04.02.2015;24;23.082;1;1;20;21:07;14:48
05.02.2015;-50;-45.397;-;+;70;10:01;15:23
06.02.2015;-21;-19.424;да;да;35;04:29;14:46
07.02.2015;-22;6.064;true;--;;02:32;12:19
08.02.2015;16;-49.892;-;0;15;21:30;--
09.02.2015;46;45.756;нет;1;;19:01;16:56
10.02.2015;43;6.521;нет;false;35;23:19;14:38
11.02.2015;--;-36.747;да;0;40;02:26;17:25
12.02.2015;-13;-18.351;да;да;5;18:05;15:00
13.02.2015;--;-15.526;-;--;30;21:33;15:40
14.02.2015;27;2.734;true;0;75;06:12;13:17
15.02.2015;39;2.907;да;1;20;08:00;04:19
16.02.2015;23;;0;+;20;14:41;--
17.02.2015;-47;49.500;0;-;40;12:30;--
18.02.2015;25;3.788;-;--;40;00:12;13:03
19.02.2015;8;;1;0;25;07:05;00:56
20.02.2015;26;-35.125;0;1;95;19:17;13:30
21.02.2015;8;-49.937;0;1;15;19:36;04:30
22.02.2015;-24;8.212;1;-;35;22:23;12:30
23.02.2015;-28;-32.847;нет;+;5;07:07;09:18
24.02.2015;4;13.065;да;-;50;23:31;09:00
25.02.2015;-2;-27.226;false;true;75;21:02;03:16
26.02.2015;-15;-26.809;-;нет;60;15:18;23:52
27.02.2015;-29;-23.014;нет;+;15;18:41;12:29
28.02.2015;--;-33.029;нет;0;20;09:30;00:08
01.03.2015;-5;;true;-;55;16:27;17:03
02.03.2015;-29;-17.314;да;нет;90;02:39;00:29
03.03.2015;42;-36.530;false;true;70;16:43;19:33
04.03.2015;-30;30.893;false;1;60;14:36;04:22
05.03.2015;-27;29.124;+;0;40;06:32;20:53
06.03.2015;-14;-1.424;нет;+;85;08:49;12:58
07.03.2015;45;5.135;да;да;50;09:08;21:38
08.03.2015;47;-38.116;--;true;95;06:22;18:20
09.03.2015;14;-46.763;1;+;25;--;19:16
10.03.2015;-21;-24.399;--;+;35;08:52;22:12
11.03.2015;-3;-23.378;+;--;95;01:41;12:14
12.03.2015;36;-28.366;1;нет;10;00:57;16:27
13.03.2015;-16;13.927;нет;0;30;--;20:06
14.03.2015;--;-38.661;да;true;95;21:34;22:55
15.03.2015;-47;43.507;true;--;30;06:19;17:55
16.03.2015;35;-27.845;-;false;60;10:28;12:36
17.03.2015;25;-2.757;--;--;45;15:15;18:57
18.03.2015;-29;;false;нет;70;08:55;06:26
19.03.2015;43;5.949;--;true;70;09:16;16:50
20.03.2015;-12;-44.754;да;нет;30;01:40;11:15
21.03.2015;44;-29.305;да;true;70;05:30;15:16
22.03.2015;--;31.835;--;1;;01:12;10:53
23.03.2015;-28;32.300;false;+;15;23:42;10:26
24.03.2015;34;44.248;true;true;25;10:20;18:01
25.03.2015;-9;-29.075;+;0;50;13:09;02:28
26.03.2015;-7;-42.290;да;true;35;13:23;21:39
27.03.2015;39;-7.512;нет;false;70;23:24;11:47
28.03.2015;-49;36.683;true;-;0;15:22;17:12
29.03.2015;-44;-43.294;0;-;30;10:48;01:41
30.03.2015;-43;41.499;false;нет;40;14:19;02:20
31.03.2015;-43;13.106;0;да;80;06:29;15:00
01.04.2015;-5;-15.334;--;true;35;05:12;22:10
02.04.2015;9;11.988;нет;1;35;08:50;08:11
03.04.2015;1;-16.432;--;-;;--;09:29
04.04.2015;-27;21.978;да;+;90;00:52;08:49
05.04.2015;50;49.154;да;true;25;15:34;--
06.04.2015;-24;3.417;--;--;55;18:43;03:57
07.04.2015;-34;43.441;false;нет;20;23:01;02:05
08.04.2015;-47;;1;1;20;--;22:25
09.04.2015;-26;;0;-;95;17:09;--
10.04.2015;8;5.725;да;+;10;05:13;19:51
11.04.2015;14;-46.405;--;0;30;04:25;05:22
12.04.2015;18;-40.245;--;нет;5;--;08:37
13.04.2015;--;-28.575;да;да;25;15:19;03:25
14.04.2015;44;22.015;нет;--;;21:58;07:37
15.04.2015;-19;15.912;true;нет;5;06:38;22:56
16.04.2015;17;-7.001;да;true;;12:45;04:20
17.04.2015;46;-46.075;-;-;0;05:50;--
18.04.2015;34;;0;-;70;11:02;08:27
19.04.2015;-8;32.859;true;true;70;10:02;13:01
20.04.2015;19;49.542;+;да;35;08:34;17:43
21.04.2015;--;-26.833;true;-;20;23:53;02:34
22.04.2015;39;-32.959;true;true;70;20:55;06:50
23.04.2015;47;48.938;-;+;;16:44;10:07
24.04.2015;-37;23.991;-;true;90;19:25;15:44
25.04.2015;37;5.985;true;true;55;15:28;00:46
26.04.2015;-37;;false;0;100;01:42;18:25
27.04.2015;-36;-15.679;1;да;0;01:32;02:23
28.04.2015;-40;;-;да;25;14:40;22:50
29.04.2015;23;;+;false;75;17:47;15:35
30.04.2015;9;-28.802;true;--;65;01:46;13:09
01.05.2015;--;46.173;+;+;50;12:12;13:06
02.05.2015;--;48.613;1;нет;95;10:54;09:00
03.05.2015;-33;-15.050;1;1;10;09:01;13:34
04.05.2015;44;-3.395;false;да;15;00:33;08:17
05.05.2015;-8;26.241;--;--;75;07:48;00:55
06.05.2015;-29;17.409;1;false;45;18:18;10:55
07.05.2015;-33;24.014;--;false;100;00:43;18:33
08.05.2015;26;42.626;--;--;35;06:42;23:01
09.05.2015;28;-41.297;--;true;80;18:12;08:15
10.05.2015;4;;1;+;0;15:08;22:34
11.05.2015;-47;10.556;-;+;85;--;07:05
12.05.2015;46;-26.797;нет;true;20;16:24;--
13.05.2015;26;-17.249;false;--;0;--;20:45
14.05.2015;-17;-9.469;false;+;70;12:26;18:29
15.05.2015;-19;-17.385;false;false;40;15:06;20:16
16.05.2015;-4;-4.746;1;0;50;20:40;07:27
17.05.2015;-26;2.540;+;true;;05:35;05:06
18.05.2015;2;-9.260;-;нет;40;--;15:35
19.05.2015;41;-42.798;--;1;0;22:56;08:17
20.05.2015;-1;1.662;false;0;40;04:27;16:10
21.05.2015;21;14.609;--;да;30;05:21;--
22.05.2015;-36;;нет;1;;07:19;02:19
23.05.2015;-4;46.490;нет;1;70;11:56;06:28
24.05.2015;-37;;-;false;25;07:10;18:42
25.05.2015;-14;;да;+;45;05:43;02:37
26.05.2015;-25;19.031;-;true;;05:50;07:32
27.05.2015;-16;3.501;false;0;60;21:00;--
28.05.2015;-12;-12.020;-;false;80;08:38;--
29.05.2015;-37;-41.025;--;да;60;05:10;19:36
30.05.2015;29;-43.863;true;-;15;21:35;22:35
31.05.2015;-5;-10.480;+;1;80;15:47;01:40
01.06.2015;--;32.097;нет;1;5;08:56;--
02.06.2015;--;44.879;1;0;45;22:45;23:30
03.06.2015;50;-19.102;false;false;50;--;09:16
04.06.2015;10;-6.781;нет;0;55;17:01;01:33
05.06.2015;4;;-;--;;09:45;06:09
06.06.2015;31;-6.181;+;0;20;23:58;05:36
07.06.2015;16;-19.368;нет;+;55;01:51;--
08.06.2015;-30;42.578;--;-;80;06:54;11:09
09.06.2015;-18;28.290;нет;1;20;07:49;11:08
10.06.2015;37;41.121;0;false;20;--;17:00
11.06.2015;-33;31.789;да;+;50;22:00;06:20
12.06.2015;40;20.981;false;false;0;22:18;03:05
13.06.2015;29;20.930;да;нет;45;21:31;09:55
14.06.2015;--;-23.901;--;true;10;00:34;21:23
15.06.2015;0;2.482;0;да;95;04:43;15:54
16.06.2015;25;12.257;--;false;75;10:33;12:46
17.06.2015;-40;-12.283;0;+;45;16:30;02:18
18.06.2015;50;-11.005;0;0;70;05:22;12:50
19.06.2015;24;;1;нет;60;07:21;23:34
20.06.2015;49;17.422;true;1;20;22:28;20:31
21.06.2015;--;36.535;0;false;40;22:08;02:41
22.06.2015;--;-23.385;0;--;50;10:52;--
23.06.2015;-47;20.533;-;--;70;21:07;09:15
24.06.2015;-5;1.082;1;1;15;05:24;10:41
25.06.2015;26;-45.520;--;1;90;08:31;11:05
26.06.2015;12;-38.780;+;нет;50;18:09;--
27.06.2015;-43;-44.002;1;false;55;22:06;21:56
28.06.2015;--;-12.822;--;-;25;08:59;14:26
29.06.2015;31;26.991;1;true;40;10:03;00:05
30.06.2015;27;28.498;нет;1;55;06:55;10:30
01.07.2015;27;-48.399;true;--;;04:20;02:22
02.07.2015;-3;16.391;--;+;60;05:02;01:31
03.07.2015;-13;-16.366;да;true;0;12:21;20:38
04.07.2015;--;-21.451;true;0;45;15:16;18:12
05.07.2015;25;;0;-;50;--;09:20
06.07.2015;43;18.817;false;-;55;09:21;15:38
07.07.2015;-43;5.633;нет;1;15;01:17;07:18
08.07.2015;-20;-3.174;-;+;;03:09;08:08
09.07.2015;23;19.566;1;0;65;17:48;01:49
10.07.2015;9;-46.214;0;true;25;16:55;23:28
11.07.2015;-4;-45.035;нет;1;10;13:15;23:03
12.07.2015;-10;-4.938;1;-;95;12:53;22:11
13.07.2015;-34;-26.936;да;0;20;03:37;10:23
14.07.2015;-18;-2.238;1;да;50;10:51;21:54
15.07.2015;40;-36.332;1;нет;10;23:32;11:15
16.07.2015;9;;false;-;70;22:46;16:58
17.07.2015;--;30.515;0;0;25;19:24;22:26
18.07.2015;-13;-43.817;--;0;;09:25;13:23
19.07.2015;7;-2.822;1;-;55;04:28;07:25
20.07.2015;1;-30.004;--;0;90;05:27;17:05
21.07.2015;--;1.124;-;нет;35;22:46;03:38
22.07.2015;19;-42.611;true;--;90;03:30;07:49
23.07.2015;-6;39.188;нет;да;20;17:15;--
24.07.2015;32;;-;false;10;06:26;01:45
25.07.2015;-1;15.764;true;да;0;03:17;11:59
26.07.2015;-45;5.873;+;+;20;09:06;09:25
27.07.2015;-9;-25.040;true;-;;--;05:23
28.07.2015;50;-33.995;нет;нет;85;22:05;08:19
29.07.2015;46;-44.712;+;+;45;10:53;11:18
30.07.2015;41;-14.839;да;да;45;05:02;00:46
31.07.2015;-36;24.887;нет;true;;07:01;02:05
01.08.2015;-34;32.394;1;да;40;20:31;14:11
02.08.2015;6;-46.753;+;1;35;00:17;11:35
03.08.2015;-36;5.539;+;1;95;19:58;04:36
04.08.2015;27;-35.298;да;0;10;13:47;--
05.08.2015;15;-33.749;0;--;40;12:31;06:35
06.08.2015;3;-29.639;нет;0;35;04:21;16:08
07.08.2015;-21;34.630;да;true;100;11:47;04:37
08.08.2015;-45;;да;нет;20;11:08;--
09.08.2015;44;20.777;1;--;20;--;14:14
10.08.2015;10;15.205;+;0;40;18:58;10:15
11.08.2015;46;0.913;false;--;85;16:24;01:59
12.08.2015;-18;27.346;-;+;55;04:16;11:10
13.08.2015;--;-40.073;+;1;45;22:18;--
14.08.2015;23;-27.231;+;1;60;21:19;20:55
15.08.2015;31;36.560;false;1;30;14:30;13:45
16.08.2015;-50;3.534;+;-;80;16:06;12:58
17.08.2015;-44;-3.273;false;нет;25;14:21;20:02
18.08.2015;--;-1.693;0;--;75;19:44;16:13
19.08.2015;2;39.019;нет;0;35;12:01;19:43
20.08.2015;-5;40.128;0;false;10;--;01:45
21.08.2015;9;9.138;1;true;100;01:46;12:42
22.08.2015;-5;-46.657;нет;true;95;16:58;13:51
23.08.2015;-19;-8.393;--;--;5;05:58;17:03
24.08.2015;50;;нет;+;35;00:00;18:26
25.08.2015;40;-22.093;да;1;70;05:36;10:56
26.08.2015;-31;-39.065;1;--;55;19:33;03:11
27.08.2015;22;;false;-;65;11:40;17:03
28.08.2015;34;-1.632;true;да;90;01:45;12:46
29.08.2015;7;34.825;0;1;100;06:39;--
30.08.2015;--;;--;--;15;20:30;18:27
31.08.2015;-27;42.847;нет;1;90;19:29;23:10
01.09.2015;25;20.982;1;1;35;13:43;23:35
02.09.2015;-6;18.596;false;нет;0;13:22;--
03.09.2015;-22;-13.491;false;нет;80;16:05;--
04.09.2015;19;39.058;true;true;20;20:46;01:19
05.09.2015;20;-45.785;+;нет;95;22:51;10:50
06.09.2015;-10;43.226;1;+;65;00:24;08:17
07.09.2015;-50;18.504;false;1;95;--;17:50
08.09.2015;-37;;да;0;70;23:36;06:11
09.09.2015;-37;21.523;--;true;60;01:58;--
10.09.2015;--;-2.482;--;false;65;20:24;06:42
11.09.2015;-26;-4.056;--;0;70;17:04;23:38
12.09.2015;38;-41.083;нет;да;;19:48;--
13.09.2015;--;;--;+;85;11:33;06:23
14.09.2015;13;-35.391;+;false;40;--;06:12
15.09.2015;-21;;да;1;80;01:36;--
16.09.2015;40;-2.129;0;true;0;14:27;00:01
17.09.2015;18;-27.600;да;--;85;05:01;00:31
18.09.2015;-16;-39.563;+;да;55;--;11:04
19.09.2015;-27;45.368;true;false;35;--;--
20.09.2015;43;39.801;нет;-;40;06:51;09:40
21.09.2015;--;14.926;-;нет;95;11:23;05:29
22.09.2015;-18;-1.070;-;0;95;20:21;17:16
23.09.2015;-21;47.922;--;0;70;--;01:48
24.09.2015;-11;1.293;0;-;95;00:11;22:00
25.09.2015;22;;false;да;95;14:05;08:21
26.09.2015;-8;-23.437;нет;0;25;19:28;01:32
27.09.2015;--;-28.164;--;0;0;--;16:53
28.09.2015;23;-20.966;1;-;95;--;17:14
29.09.2015;-18;-16.184;0;+;85;02:26;10:47
30.09.2015;10;-22.061;false;true;85;02:53;--
01.10.2015;19;-18.100;+;0;0;--;15:41
02.10.2015;-1;-9.811;+;1;20;03:19;10:04
03.10.2015;-20;30.960;false;1;75;20:54;--
04.10.2015;34;44.585;нет;+;45;23:13;--
05.10.2015;21;-24.687;1;false;0;--;16:44
06.10.2015;17;;0;true;50;03:33;--
07.10.2015;22;45.441;нет;0;95;05:06;23:29
08.10.2015;50;-0.910;false;-;25;11:21;02:46
09.10.2015;-44;27.189;да;true;45;06:47;20:52
10.10.2015;2;45.702;--;true;55;19:36;10:23
11.10.2015;--;44.782;false;да;40;13:07;15:55
12.10.2015;--;46.562;нет;0;90;12:37;22:21
13.10.2015;33;0.430;нет;+;35;21:20;21:49
14.10.2015;30;6.086;1;true;70;10:23;16:15
15.10.2015;-20;-22.147;true;0;65;14:44;--
16.10.2015;-19;-29.789;0;-;60;--;06:08
17.10.2015;45;4.284;0;да;90;20:57;17:09
18.10.2015;-20;7.241;-;да;65;14:52;22:07
19.10.2015;-27;8.338;--;да;70;04:48;07:55
20.10.2015;1;-44.842;+;0;50;06:55;17:31
21.10.2015;-7;-6.745;нет;нет;50;14:06;10:34
22.10.2015;6;30.485;да;0;75;--;23:53
23.10.2015;24;17.251;нет;false;85;08:18;14:40
24.10.2015;2;1.758;false;true;85;--;--
25.10.2015;-24;43.677;-;-;65;17:33;10:17
26.10.2015;36;34.523;1;false;0;16:22;17:36
27.10.2015;46;-19.633;1;-;70;--;21:06
28.10.2015;-10;-46.442;true;-;;15:37;12:47
29.10.2015;41;-1.599;--;true;65;11:41;16:22
30.10.2015;-47;18.021;+;false;60;--;05:38
31.10.2015;44;-37.945;нет;true;85;13:02;17:14
01.11.2015;-28;23.072;true;+;35;12:47;--
02.11.2015;-30;;нет;false;50;09:11;22:41
03.11.2015;-16;24.487;1;нет;;11:48;04:33
04.11.2015;-5;11.714;-;false;45;09:45;17:37
05.11.2015;-16;-29.101;--;1;40;--;04:38
06.11.2015;47;18.072;false;да;90;15:22;10:46
07.11.2015;--;9.005;true;1;55;09:04;14:51
08.11.2015;--;22.478;--;-;5;--;22:01
09.11.2015;-14;-3.058;1;--;;03:29;21:29
10.11.2015;38;-31.626;false;1;80;12:08;06:24
11.11.2015;--;44.076;--;да;80;23:20;07:55
12.11.2015;-9;38.536;false;нет;55;12:08;17:17
13.11.2015;-2;14.758;да;да;80;08:10;13:15
14.11.2015;25;-46.263;да;false;50;15:56;12:51
15.11.2015;-34;26.578;нет;+;70;09:35;--
16.11.2015;-19;-35.267;true;false;40;14:50;02:02
17.11.2015;-18;4.959;-;--;;05:32;11:54
18.11.2015;-21;-30.808;+;нет;70;04:43;09:38
19.11.2015;-7;;--;0;45;03:41;10:37
20.11.2015;-43;-5.121;+;false;75;03:40;20:20
21.11.2015;42;-12.922;+;1;25;11:51;19:46
22.11.2015;46;;false;да;25;06:40;17:06
23.11.2015;-30;2.673;да;-;20;17:54;--
24.11.2015;50;11.029;-;да;10;19:45;02:48
25.11.2015;39;49.143;да;да;75;02:14;00:16
26.11.2015;-23;-1.327;да;-;40;23:39;11:12
27.11.2015;36;-33.742;0;+;100;01:43;14:58
28.11.2015;-45;-31.000;false;+;65;00:40;--
29.11.2015;-8;;0;1;15;14:53;10:23
30.11.2015;-17;-28.221;false;да;20;07:10;18:49
01.12.2015;-2;-47.152;да;false;85;16:32;00:38
02.12.2015;20;24.053;+;+;65;19:48;07:00
03.12.2015;--;-32.464;нет;нет;15;07:18;15:59
04.12.2015;-17;;нет;да;40;03:40;15:55
05.12.2015;33;12.790;нет;false;60;21:29;08:25
06.12.2015;24;-11.928;0;false;75;11:30;--
07.12.2015;-5;-8.219;true;0;90;08:55;03:51
08.12.2015;11;-24.766;+;да;60;03:44;00:26
09.12.2015;29;31.930;да;1;;13:55;22:29
10.12.2015;2;;-;+;30;--;23:50
11.12.2015;-7;8.160;false;--;;07:00;09:12
12.12.2015;-47;-23.907;нет;false;55;18:38;04:47
13.12.2015;50;-44.938;0;нет;75;17:41;12:49
14.12.2015;43;5.989;false;false;5;23:12;05:11
15.12.2015;-2;11.095;false;0;25;10:35;16:21
16.12.2015;-48;-33.306;0;--;75;03:58;--
17.12.2015;41;49.940;1;да;80;08:38;16:26
18.12.2015;-32;35.240;+;нет;30;01:43;12:32
19.12.2015;-10;0.807;нет;true;90;07:40;07:47
20.12.2015;--;-37.286;-;+;35;--;06:22
21.12.2015;24;40.581;true;нет;80;21:57;06:43
22.12.2015;-48;-42.032;нет;0;50;13:37;05:21
23.12.2015;-45;29.521;нет;-;0;01:54;03:52
24.12.2015;11;22.254;+;+;30;05:12;23:21
25.12.2015;15;;-;-;15;07:52;18:04
26.12.2015;-23;37.168;0;0;30;22:32;04:33
27.12.2015;4;47.214;нет;0;95;10:58;--
28.12.2015;29;23.377;+;false;0;13:33;10:12
29.12.2015;21;40.848;нет;--;20;19:41;02:51
30.12.2015;-11;9.646;false;false;;15:36;11:05
31.12.2015;20;-19.744;+;-;60;15:50;09:08
