date;int_data, int;float_data, float;bool_data1, bool;bool_data2, bool;scale_data, scale, [0,100,5];time_data1, time;time_data2, time
01.01.2012;10;-25.608;+;--;;15:52;11:03
02.01.2062;-8;15.050;false;-;95;23:50;22:19
03.01.2012;--;47.304;0;да;95;14:24;07:32
04.01.2012;43;31.320;да;--;15;05:37;09:08
05.01.8012;-6;13.081;+;да;5;--;14:10
06.01.2012;38;;1;0;45;06:28;07:53
07.01.2012;16;-2.245;1;да;65;09:32;20:18
08.01.2012;32;-2.212;--;true;25;04:49;17:31
09.01.2012;32;13.549;1;true;20;21:44;04:36
10.01.2012;--;1.496;--;-;40;01:05;04:43
11.01.2012;7;-39.893;-;+;90;09:31;03:28
12901.2012;-46;;нет;1;95;14:53;22:35
13.01.2012;3;-22.515;0;0;85;12:26;23:36
14.01.2012;0;-5.211;--;0;75;00:52;17:05
15.01.2012;-8;12.478;нет;--;;18:10;03:41
16.01.2012;-43;-4.093;да;--;15;18:34;04:42
17.01.2012;-2;39.402;+;false;35;22:00;21:02
18.01.2012;39;-34.804;--;--;15;10:50;05:59
19.04.2012;48;-35.585;--;+;55;12:18;--
27.01.2012;-44;-36.230;0;0;60;01:46;00:10
21.01.2012;17;-23.262;false;--;65;--;03:31
22.01.2012;-39;12.697;true;false;100;11:59;09:08
23.01.2012;-11;-13.943;нет;0;80;05:31;18:33
24.01.2012;21;5.037;false;false;0;19:27;11:44
25.01.2012;-13;-44.933;0;--;75;18:10;17:11
26.01.2012;50;;true;да;65;10:28;01:32
27.01.2012;-35;;нет;true;;01:57;04:42
28.01.2012;-42;-17.547;+;0;95;07:30;13:37
29.01.2012;-4;28.000;0;-;85;18:56;11:15
00.01.2012;29;8.770;да;true;40;00:44;22:05
31.01.2012;41;-30.083;0;+;65;04:10;07:55
01.02.2012;5;5.895;нет;--;90;13:41;08:01
02.02.2012;-16;;-;да;5;15:50;01:47
03.02.2012;21;-29.633;-;true;95;16:13;14:18
04.62.2012;-19;13.028;-;да;20;12:50;12:48
05.02.2012;-45;43.005;-;нет;10;03:07;09:50
06.02.2012;-34;30.561;да;-;60;01:27;15:20
07.02.2012;-50;24.676;да;-;;23:26;02:09
08.02.2012;-30;-30.586;--;1;5;18:04;18:32
09.02.2012;-9;-36.464;true;1;65;--;03:02
10.02.2012;38;21.963;false;false;;16:52;14:43
11.02.2012;-46;21.698;нет;--;45;01:32;20:16
12.02.2012;-19;-39.988;true;1;20;06:15;00:18
13.02.2012;-12;-34.492;1;false;;03:35;08:13
14.02.2012;--;38.743;1;false;35;01:52;23:18
15.02.2012;-46;-33.198;-;1;80;22:12;01:40
16.02.2012;22;22.511;+;true;25;10:00;00:05
17.02.2012;39;;-;нет;;12:36;19:15
18.02.2012;-9;;0;+;75;17:17;06:06
19.02.2012;-45;-24.557;--;нет;50;11:33;--
20.02.2012;-26;2.444;да;-;40;19:59;--
21.02.2012;--;42.769;0;false;90;07:42;--
22402.2012;-6;-40.183;-;true;95;21:52;18:07
23.02.2012;12;-35.602;+;1;20;16:15;23:32
24.02.2012;-9;30.314;нет;true;30;11:29;08:54
25.02.2012;27;37.362;false;true;10;22:08;12:40
26402.2012;-41;-41.744;0;-;55;06:37;08:49
27.02.2012;46;;--;false;45;13:23;--
28.02.2012;-41;41.208;true;+;;08:54;00:41
29.02.2012;12;22.606;да;0;100;18:46;20:48
01.03.2012;-11;-31.366;1;true;80;03:59;05:14
02.03.8012;--;15.130;0;0;10;08:49;09:50
03.03.2012;-43;-44.377;+;нет;65;15:19;21:21
04.03.2012;46;-28.599;да;нет;5;14:40;09:26
05.03.2012;-27;-13.100;+;+;5;11:58;18:21
06.03.2012;-45;29.176;1;нет;5;16:00;22:40
07.03.2012;46;-35.648;0;false;95;09:26;14:55
08.03.2012;47;3.406;нет;true;60;09:36;12:57
09.03.2012;12;48.437;нет;нет;20;16:24;--
10.03.2012;-42;-3.273;1;-;55;07:22;17:36
11.03.2012;28;-29.740;+;--;50;--;12:47
12.03.2012;--;23.805;нет;1;45;12:46;21:10
13.03.2012;43;1.526;да;--;0;01:07;10:23
14.03.2012;6;32.941;true;нет;60;02:17;23:32
15.03.2012;50;;нет;0;;12:39;--
16.03.2012;-15;13.150;false;true;75;12:51;01:29
17.03.2012;27;;true;0;60;06:36;05:26
18.03.2072;-34;12.232;нет;-;65;18:48;21:28
19.03.2012;27;33.233;false;-;65;--;00:09
20.03.2012;-19;-48.580;1;нет;95;14:17;16:39
21.03.2012;-11;-17.027;да;-;50;15:27;22:54
22.03.2012;-45;24.049;--;false;25;02:06;21:15
23.03.2012;7;-47.381;false;-;15;08:06;20:21
24.03.2012;41;42.015;+;0;95;10:29;23:25
25903.2012;-28;;0;да;95;04:38;19:51
26.03.2012;-5;7.211;1;0;45;22:33;19:43
27.03.2012;-31;-41.056;да;нет;0;--;08:24
28.03.2012;6;-40.882;false;нет;40;16:06;09:54
29.03.2012;37;-41.103;-;1;15;15:41;22:38
30.03.2012;-42;15.273;-;нет;25;04:16;19:52
31.03.2012;30;-38.119;да;true;80;05:49;06:45
01.04.2012;46;-17.227;1;+;40;11:45;11:11
02.04.2012;-16;31.714;0;false;65;03:11;05:28
03.04.2012;-32;40.418;0;да;;13:41;14:34
04.04.2012;45;-10.108;да;1;85;21:17;01:06
05.04.2012;-2;-46.103;0;false;60;21:58;08:35
06.04.2012;--;42.777;true;0;90;04:55;08:37
07.04.2012;18;36.895;да;да;55;16:25;--
08.04.2012;-26;34.848;нет;-;100;06:59;21:15
09.04.2012;10;38.713;--;true;55;03:45;14:17
10.04.2012;--;;true;0;100;03:03;03:06
11.0462012;11;;да;нет;;13:04;08:09
12.04.2012;-1;-32.534;--;нет;10;08:15;--
13.04.2012;-46;;false;нет;65;02:09;--
14.04.2012;-50;-3.973;true;-;25;08:58;07:59
15.04.2012;-45;-45.456;false;false;;--;22:20
16.04.2012;-17;-39.197;да;-;75;09:32;13:42
17.04.2012;-13;-4.804;да;false;55;20:39;00:56
18.04.2012;31;-45.633;--;да;95;10:38;22:22
19.04.2012;-20;-25.718;нет;+;5;13:40;11:40
20.04.2012;47;-2.654;+;false;35;13:24;15:27
21.04.2012;-33;10.890;да;-;55;23:36;04:29
22.04.2012;-44;-7.253;--;-;90;23:20;21:42
23.04.2012;-43;-21.155;+;false;85;--;12:45
24.04.2012;45;-31.045;нет;да;0;17:04;--
25.04.2012;-41;-8.856;+;--;45;07:44;09:57
26.04.2012;37;;false;1;40;18:28;10:46
27.04.2012;--;45.451;нет;+;70;03:41;10:37
78.04.2012;--;-36.197;false;true;90;20:41;05:23
29.04.2012;--;48.155;1;-;20;11:03;08:30
30.04.2012;-11;-20.580;0;0;40;22:19;12:27
01.05.2012;-18;;да;да;0;08:31;05:57
02.05.2012;-38;12.642;0;1;55;16:31;--
03.05.2012;-32;-10.244;+;--;0;19:19;07:11
04.05.2012;-7;31.590;-;--;55;--;16:45
05.05.2012;-19;41.542;false;-;;11:00;06:53
06.05.2812;-24;-3.874;+;+;65;--;21:06
07.05.2012;0;11.330;0;1;25;19:15;02:56
08.05.2012;-35;-15.524;false;1;;22:41;00:41
09.05.2012;-33;-22.354;-;+;65;--;13:09
10.05.2012;37;49.868;0;-;0;--;10:23
11.05.2012;12;40.281;+;1;40;23:48;--
12.05.2012;-32;-44.982;-;нет;50;17:02;00:27
13.05.2012;-43;19.967;false;да;100;20:00;07:43
14.05.2012;-16;-43.085;false;нет;50;19:54;21:23
15.05.2012;-6;-2.272;false;--;30;22:02;02:45
16.06.2012;-8;-25.639;+;false;15;08:21;13:11
17.05.2012;-7;;да;false;40;18:00;10:35
18.05.2012;-5;-4.335;false;нет;50;14:08;04:17
19.05.2012;-1;7.007;1;нет;15;08:47;05:04
20.05.2012;-21;-49.914;false;--;;21:32;19:34
21.05.2012;17;;--;+;90;16:26;23:37
22.05.2012;-17;24.176;да;--;50;03:55;23:39
23.05.2012;24;-3.624;-;нет;30;05:22;23:05
24.05.2012;-10;27.269;0;0;70;--;10:20
25.05.2012;--;-15.216;0;да;50;23:56;02:29
26.05.2012;-19;-30.056;--;--;;09:46;07:14
27.05.2012;-25;43.158;+;false;100;04:59;22:02
28.05.2012;-12;-14.878;-;+;100;04:11;17:04
29.05.2012;--;;0;+;75;12:41;05:34
30.05.2012;-29;-19.982;false;false;15;12:09;16:02
31.05.2012;50;-32.947;false;false;75;01:09;03:28
01.06.2012;-10;-38.282;--;1;;16:16;19:57
02.06.2012;--;47.703;true;true;65;23:18;00:20
03.06.2012;--;-16.972;-;0;100;21:45;03:55
04.06.2012;12;-33.194;1;false;20;16:56;03:01
05806.2012;-41;48.827;true;-;100;17:11;02:50
06.06.2012;--;-35.211;1;да;20;06:52;23:44
07.06.2012;33;-4.879;нет;нет;55;18:48;03:42
08.06.2012;25;-29.236;+;--;;10:07;16:56
09.06.2012;18;29.296;да;false;20;22:31;--
10.06.2012;-12;28.217;--;false;5;01:43;--
11.06.2012;38;;нет;1;100;17:32;11:42
12.06.2012;18;-25.856;false;нет;55;01:31;20:32
13.06.2012;-29;44.756;false;true;50;19:19;09:27
14.06.2012;14;47.441;1;--;60;05:05;16:08
15.06.2012;27;0.303;1;да;25;22:56;03:42
16.06.2012;--;-28.505;нет;--;35;03:55;11:42
17.06.2012;13;-10.007;+;нет;35;07:33;05:09
18.06.2012;-46;-21.237;+;-;70;03:02;20:18
19.0662012;25;-26.333;1;1;100;21:36;03:03
20.06.2012;-30;46.837;-;да;5;01:18;10:13
21.06.2012;-40;31.090;0;-;70;22:58;07:27
22.06.2012;46;-14.799;true;нет;65;--;--
23.06.2012;--;2.742;-;--;;09:30;16:47
24.06.2012;--;-22.535;--;true;5;15:07;13:35
25.06.2012;41;-24.386;--;1;10;14:52;03:41
26806.2012;31;15.711;1;нет;;15:09;10:41
27.36.2012;17;24.799;+;-;15;04:29;07:47
28.06.2012;-42;20.889;1;-;60;09:13;05:36
29.06.2012;-46;1.827;true;--;75;00:31;18:03
30.06.2012;33;21.707;-;0;85;--;19:35
01.07.2012;-3;-15.834;да;--;5;17:06;17:57
02.07.2012;0;38.977;true;false;15;11:27;07:17
03.07.2012;47;30.899;1;--;25;17:00;04:20
04.07.2012;45;45.171;нет;true;45;--;02:04
05.07.2012;-48;0.507;нет;false;;20:01;08:45
06907.2012;31;-29.111;+;-;20;16:50;03:20
07.07.2012;3;15.860;0;false;30;03:58;14:31
08.07.2012;-47;48.437;false;false;;21:53;--
09.07.2012;-37;-33.261;нет;0;10;12:50;05:18
10.07.2012;1;-3.012;+;да;75;18:02;20:38
11.07.2012;29;-24.791;-;--;45;14:08;12:11
12.07.2012;24;;--;+;95;05:20;09:56
13.07.2012;-29;-20.503;1;false;50;12:57;08:05
14.07.2012;-30;26.146;--;нет;55;10:27;08:49
15.07.2012;--;12.542;нет;1;60;18:17;20:04
16.07.2012;33;30.736;0;--;90;11:18;--
17.07.2012;25;25.112;true;false;35;09:22;17:41
18.07.2012;--;;--;--;95;03:26;00:38
19.07.2012;--;3.433;-;нет;70;00:01;11:08
20.07.2012;-35;26.556;+;+;;22:09;08:20
21.07.2012;24;16.609;-;+;25;01:41;16:16
22.07.2012;44;34.509;да;+;65;--;02:50
23.07.2012;35;-15.971;нет;true;5;--;22:49
24.07.2012;35;-8.749;нет;1;55;05:59;00:32
25.07.2012;46;46.070;+;1;10;15:39;12:25
26.07.2012;--;37.061;true;--;35;11:24;07:41
27.0752012;-24;31.764;0;да;90;17:59;21:12
28.07.2012;34;-9.344;да;+;25;--;--
29.07.2012;-16;6.788;+;1;100;--;20:27
30.07.2012;-48;-35.445;да;-;20;23:01;05:13
31107.2012;-29;21.250;0;0;100;13:26;--
01.08.2012;14;;-;true;50;12:12;17:51
02.08.2012;8;-37.946;-;--;;12:31;04:09
03.08.2012;-50;-11.303;да;false;65;03:21;03:24
04.08.2012;-32;-39.715;0;+;65;10:02;04:27
05.08.2012;-39;44.737;1;--;90;17:51;22:42
06.08.2012;39;;true;false;;03:07;--
07.08.2012;27;-49.419;1;0;50;19:29;02:28
08.09.2012;-42;40.741;-;-;65;11:28;14:57
09.08.2012;40;38.397;нет;да;95;18:19;22:47
10.08.2012;2;14.068;false;--;;04:34;16:20
11.08.2012;-4;9.554;1;1;80;20:41;01:45
12.08.2012;-9;37.395;да;нет;45;18:45;07:22
13.08.2012;-29;-32.482;нет;нет;40;22:48;02:24
14.08.2012;-29;;0;false;90;19:57;03:24
15.08.2012;34;-40.486;да;нет;0;20:26;23:34
16.08.2012;-34;18.497;true;+;5;18:44;12:15
17.08.2012;-24;34.608;1;0;0;16:37;08:27
18.08.2012;-33;-44.210;1;--;0;09:44;11:24
19.08.2012;-48;-8.591;да;1;;16:24;12:59
20.08.2012;32;11.287;true;1;5;23:28;15:37
21.08.2012;9;5.926;нет;--;0;02:45;01:01
22.08.2012;-21;4.874;-;false;15;--;14:33
23.08.2012;18;-37.606;--;да;;07:44;--
24.08.2012;-5;;да;-;40;18:02;02:42
25.08.2012;44;17.152;0;1;0;05:29;19:56
26.08.2012;49;39.252;-;0;0;09:08;02:35
27.08.2012;-3;47.914;нет;false;50;18:27;00:08
28.08.2012;--;;да;нет;90;13:04;14:24
29.08.2012;25;-40.945;да;-;35;--;23:52
30.08.2012;-39;19.565;нет;false;40;--;21:26
31.0832012;36;20.840;--;true;75;02:48;17:10
01.09.2012;-39;-0.142;1;false;100;16:28;21:53
02.09.2012;-15;2.702;true;0;90;13:48;06:13
03.09.2012;--;-8.108;--;нет;80;--;10:39
04.09.2019;26;3.720;нет;+;95;21:21;--
05.09.2012;-40;-16.322;false;--;25;00:52;07:01
06.09.2012;-2;18.020;нет;нет;25;21:32;11:26
07.09.2012;12;39.418;1;false;90;07:42;17:29
08.09.2012;37;38.933;нет;false;50;19:19;02:44
09.09.2012;0;46.810;true;-;30;02:31;10:00
10.09.2012;12;-15.931;да;+;10;--;08:10
11.09.2012;--;-43.133;-;true;20;04:33;18:01
12.09.2012;4;;да;+;90;23:08;18:21
13.09.2012;11;-49.764;+;--;65;23:02;15:37
14.09.2012;-50;-29.203;1;+;35;07:35;01:31
85.09.2012;1;32.113;true;--;40;09:21;11:37
16.09.2012;27;-15.379;нет;нет;25;05:39;19:41
17.09.2012;-28;-33.842;0;1;80;15:20;--
18.09.2012;-24;-32.971;1;--;80;15:25;18:21
19.09.2012;-41;;+;+;10;01:15;18:06
20.09.2012;-1;-27.934;нет;false;;17:18;23:02
21.09.2012;31;35.508;-;0;10;10:46;01:37
02.09.2012;38;;true;1;30;--;19:42
23.09.2012;-31;-44.411;-;+;90;05:15;12:51
24.09.2012;-19;;-;+;65;03:34;13:43
25.09.2012;-41;-3.855;0;+;10;01:05;14:37
26.09.2012;17;;1;false;90;03:15;12:55
27.09.2012;-45;47.538;+;false;30;05:14;07:09
28.09.2012;-18;3.461;--;false;65;19:03;14:58
29.09.2012;22;-25.953;0;1;;16:37;--
30.09.2012;19;-48.255;да;true;45;22:11;07:40
01.10.2012;-6;1.251;false;-;15;20:10;13:54
02.10.2012;-42;42.675;-;1;60;--;18:13
03.10.2012;--;-8.043;1;нет;45;--;02:54
04.10.2012;-18;18.006;false;нет;85;06:28;13:34
05.10.2112;24;-28.753;false;-;80;17:41;06:24
06.10.2012;-50;11.592;false;да;60;13:16;02:23
07.10.2012;--;-12.735;--;--;35;14:25;20:50
08.10.2012;-9;-22.333;true;да;70;05:58;23:19
09.10.2012;14;25.442;--;false;30;--;17:04
10.10.2012;7;3.693;false;--;100;17:02;16:42
11.10.2012;48;-38.792;false;1;35;02:33;17:15
12.10.2012;20;-1.183;false;+;15;15:03;20:09
13.10.2012;-9;45.171;0;нет;85;03:18;03:56
14.10.2012;-30;;false;нет;;00:20;04:41
15.10.2012;-19;-15.249;нет;+;0;22:34;--
16.10.2012;-31;3.278;true;false;10;09:32;01:45
17.10.2012;--;-36.581;нет;1;50;--;09:29
18.10.2012;39;7.654;--;--;;--;05:28
19.10.2012;-34;-45.083;-;нет;15;03:46;08:43
20.10.2012;--;4.913;1;0;0;02:44;09:50
21.10.2012;14;45.402;true;-;15;01:12;18:57
22.10.2012;33;-37.756;false;+;75;20:45;08:38
23.10.2012;-18;36.088;false;+;85;15:13;16:32
24.10.2012;19;43.390;нет;1;;18:45;06:30
25.10.2012;43;-29.926;true;false;100;01:33;02:57
26110.2012;-34;;true;true;15;11:45;00:15
27.10.2012;27;;-;false;45;20:28;17:54
28.14.2012;49;-18.358;1;0;65;05:48;18:29
29.10.2012;32;25.733;1;да;55;16:38;21:59
30.10.2012;50;-38.475;нет;0;30;16:54;02:39
31.10.2012;47;-4.680;true;+;50;00:06;01:28
01.11.2012;-49;-4.064;+;false;55;06:12;16:33
02.11.2012;-44;-0.335;нет;--;45;10:35;12:52
03.11.2012;-31;45.980;--;да;5;03:50;15:12
04.11.2012;-42;48.162;да;true;65;12:56;21:07
15.11.2012;22;;false;да;75;10:08;16:38
06.11.2012;4;45.290;-;false;60;09:23;07:17
07.01.2012;-12;5.023;1;да;0;01:14;00:58
08.11.2012;26;26.275;0;1;65;17:19;23:53
09.11.2012;-23;48.976;нет;true;50;09:56;--
10.11.2012;-28;-46.593;true;нет;60;04:55;20:56
11.11.2012;23;28.435;1;1;75;07:27;--
12.11.2012;41;34.006;false;true;85;01:10;05:41
13.11.2012;-14;-10.688;0;1;10;04:57;09:41
14.11.2012;-5;;true;0;;13:47;06:24
15.11.2012;4;-12.792;нет;1;60;08:11;11:46
16.11.2012;-9;16.644;1;да;;07:53;08:17
17.11.2012;9;-48.986;+;true;35;20:00;10:37
18.11.2012;-22;-9.298;1;--;25;--;15:01
19.11.2012;35;41.572;-;0;35;15:23;00:30
20.11.2012;15;37.657;0;-;95;11:54;01:44
21.11.2012;-2;47.122;нет;1;70;01:48;21:19
22.11.2012;-46;-44.669;да;1;40;07:52;20:32
23.11.2012;0;;1;0;40;17:48;07:39
24.11.2012;12;11.517;нет;да;25;11:06;07:48
25.11.2062;-24;;false;-;80;08:40;16:52
26.11.2012;36;2.503;-;-;75;14:39;08:56
27.11.2012;-37;32.367;true;+;95;--;18:04
28.11.2012;4;-10.037;+;нет;;--;00:33
29.11.2012;44;5.396;0;да;90;04:00;04:50
30.11.2012;--;38.225;нет;да;60;20:42;08:28
01.12.2012;-4;-3.295;да;нет;50;19:46;10:00
92.12.2012;21;23.100;нет;нет;70;05:49;14:36
03.12.2012;42;-21.640;0;+;100;07:07;00:18
04.12.2012;5;12.971;+;1;65;06:44;03:23
05.12.2012;-10;40.364;--;+;65;17:45;19:08
06.12.2012;-48;-30.932;да;0;30;22:39;22:37
07.12.2012;-33;38.658;true;1;60;03:38;02:25
08.12.2012;--;;true;--;;08:38;07:20
09.12.2012;32;-37.886;1;false;75;07:39;01:49
10.12.2012;-32;-18.293;0;+;30;20:38;23:55
11.12.2012;-41;;+;+;15;02:07;23:35
12.12.2012;-50;;нет;+;75;07:47;07:27
13.12.2012;-5;24.220;да;false;85;23:43;17:26
14.12.2012;-36;29.222;true;да;90;21:07;20:51
15.12.2012;31;45.956;0;+;30;15:43;12:29
16.12.2012;-43;36.082;-;true;95;06:40;--
17.12.2012;45;17.855;-;-;30;12:38;23:36
18.12.2012;-7;5.953;0;false;70;16:14;04:24
19.12.2012;-7;8.568;false;0;75;11:24;22:51
20.12.2012;25;-38.534;false;true;100;17:04;11:20
21.12.2012;--;22.870;нет;false;10;14:24;21:50
22.12.2012;21;-35.460;+;да;10;08:13;00:29
23.12.2012;4;8.555;нет;нет;55;17:42;19:27
24.12.2012;-44;-15.990;0;1;90;19:16;19:58
25.12.2012;47;33.604;0;1;95;20:27;17:28
26.12.2012;46;47.471;--;1;60;20:17;08:37
27.12.2012;-19;23.816;1;1;55;03:45;--
28.12.2012;42;32.903;1;0;80;05:02;20:03
29.12.0012;-37;-45.245;нет;нет;80;17:37;07:29
30512.2012;-5;19.080;+;1;15;12:36;16:19
31.12.2012;-43;12.391;+;1;40;17:20;20:31
01.01.2013;-12;44.949;0;+;20;--;16:20
02.01.2013;-10;18.470;--;да;;10:56;04:13
03.01.2013;-3;-45.994;да;-;0;16:29;20:55
04.01.2013;44;0.202;false;0;45;--;04:44
05.01.2013;-13;24.953;--;false;50;10:26;07:22
02.01.2013;-40;15.135;+;true;65;00:44;--
07.01.2013;-50;-33.223;0;-;5;08:17;17:23
08.01.2013;--;;0;--;95;11:07;23:22
09.01.2013;-8;;0;0;85;10:13;10:37
10.01.2013;-4;-8.113;+;да;50;04:20;23:08
11.01.2013;7;19.144;нет;true;95;00:38;05:14
12.01.2013;-8;30.544;+;-;50;08:02;05:26
13.01.2013;32;8.482;false;нет;20;--;13:20
14.01.2013;25;-22.705;-;нет;65;07:46;22:01
15.01.2013;43;-45.625;-;--;55;--;11:39
16.01.2013;20;8.476;true;false;60;21:26;01:01
17.01.2013;13;41.789;-;true;30;15:25;14:21
18.01.2013;23;;да;false;60;03:03;07:39
19.01.2013;45;;1;+;10;--;16:30
20.01.2013;49;-4.454;+;1;;13:53;--
21.01.2013;--;-47.693;0;+;80;09:39;21:51
22.01.2013;-1;31.366;да;+;80;--;02:26
23.01.2013;-12;-8.704;1;да;80;08:29;08:22
24.01.2013;12;;да;1;10;23:31;00:59
25.01.2013;-26;39.597;-;false;;01:04;16:42
26001.2013;35;;0;false;10;04:44;08:03
27.01.2013;12;21.359;true;--;;07:01;10:41
28.01.2013;-10;37.281;-;да;0;16:19;13:17
29.01.2013;18;37.555;1;-;65;16:45;00:27
30.01.2013;-2;-5.876;да;-;50;08:54;06:14
31.01.9013;--;32.121;false;-;50;11:40;02:32
01.02.2013;48;25.572;true;-;45;--;00:55
02.02.2013;-2;6.023;--;нет;90;05:21;20:51
03.02.2013;22;-39.200;1;--;50;00:46;21:39
04.02.2018;-35;-48.029;+;+;75;18:18;02:01
05.0252013;4;0.806;1;0;5;13:34;03:22
06.02.2013;-48;-44.242;да;--;70;--;02:06
07.02.2013;-49;32.771;0;да;95;18:06;11:12
08.02.2013;46;26.387;1;1;;--;11:44
09.02.2013;31;23.264;нет;-;30;17:31;13:43
10.02.2013;-2;35.803;1;1;30;18:21;23:52
11.02.2013;-37;-22.620;+;да;85;02:23;09:55
12.02.2013;-25;-35.515;1;да;80;03:55;00:02
13.02.2013;49;;0;false;45;16:54;02:35
14.02.2013;21;36.351;нет;true;20;12:24;21:36
15.02.2013;36;36.426;+;false;40;08:41;16:56
16.02.2013;-1;-12.467;true;да;80;23:39;10:09
17.02.2013;29;;false;1;10;11:48;15:30
18.02.2013;-40;;true;true;100;21:29;01:19
19.02.2013;28;4.035;0;-;35;20:56;23:48
20.02.2013;-28;24.658;нет;нет;70;02:22;10:23
21.02.2013;-2;29.129;да;+;80;10:35;02:49
22.02.2013;-40;-2.346;false;-;;00:43;11:45
23.02.2015;22;-34.905;--;нет;60;08:00;07:26
24.02.2013;-32;23.101;false;1;35;14:16;17:49
25.02.2013;-12;;1;-;75;17:14;17:20
26.02.2013;2;;+;-;0;14:03;14:19
27.02.2013;-22;-5.328;+;true;;20:05;14:48
28.02.2013;37;-42.489;0;1;30;02:43;18:49
01.03.2013;-3;26.282;--;-;5;20:16;03:35
02.03.2013;-29;-8.898;0;да;;17:39;12:33
03.0312013;-9;32.560;true;-;;13:00;10:50
04.03.2013;4;-26.123;1;true;15;10:38;17:49
05.03.2013;-5;-7.380;true;да;80;04:33;19:57
06.03.2013;-6;16.576;1;-;35;14:34;15:27
07.0372013;25;22.275;0;true;75;06:54;15:29
08.03.2013;24;29.495;нет;+;30;22:26;17:42
09.03.2013;-40;47.068;нет;0;10;03:02;11:29
10.03.2013;11;35.578;-;false;50;20:59;02:52
11.01.2013;35;1.870;да;-;65;09:22;05:08
12.03.2013;0;-21.363;--;0;15;02:16;21:37
13.09.2013;43;-6.808;-;-;10;--;11:10
14.03.2013;49;22.856;-;+;60;08:33;16:50
15.03.2013;-44;46.617;false;-;95;18:21;19:14
16.03.2013;25;42.226;нет;нет;45;17:15;04:33
17.0382013;-25;29.402;да;--;30;03:45;05:44
18.03.2013;-41;;+;+;90;07:12;08:17
19.03.2013;--;-31.551;+;0;80;20:38;03:47
20.03.2013;-8;-17.801;нет;0;60;23:47;00:34
21.03.2013;--;20.913;-;--;95;21:32;18:07
22.03.2013;--;23.810;0;--;50;08:00;14:41
23.03.2013;-38;;-;+;75;09:32;02:42
24.03.2013;-13;38.622;+;--;70;10:35;02:11
25.03.2013;-41;-22.948;0;false;30;14:46;18:00
26.03.2913;25;-45.687;0;+;60;14:21;13:25
27.03.2013;--;-16.909;0;+;70;16:55;07:19
28.03.2013;10;;--;--;50;08:04;02:07
29.33.2013;-41;30.917;-;нет;10;16:59;17:08
30.03.2013;38;-37.843;true;false;85;12:47;13:21
31.03.2013;9;37.082;--;1;45;21:12;05:37
01.04.2013;-27;10.118;-;-;;13:01;05:21
02.04.2013;6;-1.975;false;да;15;03:06;04:45
03.04.2013;-4;14.604;да;1;15;00:03;21:22
04.04.2013;21;49.097;1;false;70;23:24;18:21
05.04.2013;-11;-42.087;--;+;30;18:02;03:13
06.04.2013;-42;45.583;1;false;55;22:03;04:44
07.04.2013;--;-45.556;+;0;25;23:38;22:10
08.04.2013;-1;30.697;да;нет;5;01:22;20:25
09.04.2013;-6;;0;false;50;17:05;13:29
10.04.2013;20;-30.455;+;0;60;--;14:18
11004.2013;26;37.316;-;+;30;05:44;09:05
12.04.2013;20;36.561;да;true;70;--;12:18
13.04.2013;4;-48.963;false;да;5;--;10:37
14.04.2013;--;-2.381;false;нет;;23:18;03:35
15.04.2013;--;-0.673;1;--;75;05:46;08:45
16.04.2013;33;-35.282;false;нет;15;05:03;15:37
17.04.2013;2;15.166;0;1;30;21:53;15:32
18.04.2013;23;-14.956;да;да;;02:39;20:15
19.04.2013;-21;12.005;да;-;80;18:53;13:20
20.04.2013;-41;-9.939;--;да;75;20:08;21:38
21.04.2013;-29;31.092;0;+;55;08:57;04:16
22.04.2013;--;17.932;+;0;85;18:16;07:54
23.04.2013;35;;0;нет;65;04:12;22:25
24.04.2013;-43;-24.575;да;0;;10:20;11:16
25.04.2013;-15;42.656;0;--;5;11:12;20:41
26.04.2013;-34;42.796;нет;true;65;08:35;10:23
27.04.2013;-50;-39.977;false;true;75;07:39;23:16
28.04.2013;--;-6.117;true;нет;15;15:52;10:05
29.04.2013;30;;--;+;5;14:46;14:44
30.04.2013;-17;;--;--;70;12:52;--
01.05.2013;16;-34.023;да;нет;70;--;03:40
02.05.2013;24;30.820;+;-;;19:08;13:42
03.05.2013;-40;5.810;+;true;50;18:46;03:31
04.05.2013;--;49.198;--;false;80;10:48;19:33
05.05.2013;--;39.612;true;--;25;10:44;08:35
06.05.2013;-10;25.283;--;-;70;15:34;--
07.05.2013;-43;35.755;false;0;30;08:50;20:52
08.05.2013;0;43.521;0;да;70;17:55;12:45
09.05.2013;-7;-14.847;true;0;70;03:25;05:25
10.05.2013;32;45.861;--;1;0;01:19;21:40
11.05.2013;-26;26.255;0;false;0;11:20;08:17
12.05.2013;15;-17.738;--;-;40;--;07:12
13.05.2613;-5;-38.441;0;+;0;14:13;00:02
14.05.2013;-15;;true;да;30;16:35;21:00
15.05.2013;26;;1;false;95;10:13;06:58
16.05.2013;-17;-36.545;1;-;75;14:51;11:22
17.05.2013;-1;-11.352;false;-;5;10:41;16:43
18.05.2013;-34;-4.502;--;да;30;07:56;06:25
19.05.2013;-8;43.648;false;да;95;00:02;20:44
20.05.2013;-8;36.805;0;false;50;14:44;17:34
21.0512013;-17;35.949;-;-;65;13:32;18:17
22.05.2013;--;46.569;1;0;65;18:05;09:20
23.05.2013;-34;-15.766;+;нет;70;13:01;16:01
24.05.2013;15;-16.141;--;1;5;03:52;08:31
25.05.2013;46;41.158;true;--;5;19:45;--
26.05.2013;21;-27.967;false;--;20;15:44;08:21
27.05.2013;29;-42.591;+;true;35;10:41;02:29
28.05.2013;-33;48.659;0;0;40;--;15:20
29.05.2013;-17;-38.379;нет;нет;65;15:03;18:51
30.05.2013;-15;41.735;--;нет;45;--;12:48
31.05.2013;48;-31.413;false;true;30;05:45;03:39
01.06.2013;18;;0;нет;70;21:36;02:46
02.06.2013;49;-40.769;да;да;;14:12;19:42
03.06.2013;-40;37.093;нет;--;5;10:44;19:43
04.06.2013;--;11.828;1;1;80;09:14;23:50
05.06.2013;11;31.022;-;true;30;10:12;16:16
06.06.2013;--;-24.195;+;нет;40;18:58;17:23
07.06.2063;7;30.493;+;--;75;12:17;19:58
08.06.2013;2;1.128;да;нет;60;--;--
09.06.2013;25;-8.152;false;нет;30;--;00:20
10.06.1013;-50;23.797;1;-;95;22:11;16:32
11.06.2013;43;-40.796;false;--;45;01:05;18:23
12.06.2013;42;;1;true;90;03:23;02:16
13.06.2013;-16;-27.013;да;false;50;19:38;03:33
14.06.2013;-4;-20.001;+;+;65;12:26;19:10
15.06.2013;-5;-15.559;+;--;95;--;04:39
16.06.2013;45;34.074;true;-;35;21:28;--
17.06.2013;23;-0.557;+;-;;11:16;01:36
18.06.2013;-50;-21.460;-;true;25;02:02;04:17
19.06.2013;-26;31.010;да;+;65;21:13;11:58
20.06.2013;43;-3.101;true;true;80;00:51;08:40
21.06.2013;43;8.413;true;0;65;22:47;04:50
22.06.2013;39;-18.605;да;нет;70;08:36;--
23.06.2013;7;;+;false;50;11:46;23:52
24.06.2013;-27;-8.211;1;нет;;18:12;23:14
25.06.2013;37;8.397;нет;1;35;02:20;08:45
26.06.2013;-21;5.241;-;да;;18:56;07:44
27.06.2013;10;30.790;--;--;40;15:15;18:34
28.06.2013;--;-12.125;1;0;75;21:27;05:49
29.06.2013;--;9.721;false;1;75;02:54;05:00
30.06.2013;-19;4.975;-;+;80;16:17;09:35
01.07.2013;22;-9.409;0;false;90;05:10;04:54
02.07.2013;-31;-19.277;--;false;35;15:32;23:10
03.07.2013;26;;-;нет;10;13:25;--
04.07.2013;42;-20.799;--;true;45;01:54;21:00
05.07.2013;-31;1.100;1;true;20;--;--
06.07.2013;-14;-2.868;false;-;;13:33;21:23
07.07.2013;-30;;0;--;95;17:06;12:00
08.07.2013;-38;32.617;1;true;5;19:53;22:16
09.07.2613;-26;1.725;нет;нет;35;03:20;03:29
10.37.2013;29;27.008;да;-;0;12:43;16:11
11.07.2013;-45;-12.791;да;да;45;09:29;--
12.07.2013;8;-30.760;1;1;100;18:14;22:21
13.07.2013;36;39.248;+;да;60;--;22:32
14.07.2013;46;3.060;false;да;55;19:29;09:47
15.07.2013;37;21.135;нет;1;80;--;00:11
16.07.2013;46;-18.535;0;да;90;03:58;00:25
17.07.2013;-5;;да;нет;70;17:51;15:58
18.07.2013;32;-41.089;--;--;60;16:48;21:02
19.07.2013;-50;;+;-;;08:31;03:26
20.07.2013;--;9.860;0;-;40;--;03:16
29.07.2013;-4;-32.819;0;false;;22:42;00:45
22.07.2013;-20;;false;--;80;14:59;17:49
23.07.2013;48;-7.668;--;-;15;21:09;20:33
24.07.2013;-3;;нет;false;85;20:09;10:11
25.07.2013;-32;40.056;--;--;20;06:38;15:57
26.07.2013;27;-15.133;1;-;15;04:04;22:39
27.07.2013;-21;49.033;1;false;;06:56;19:25
28.07.2013;-49;13.860;--;0;25;18:41;00:45
29.07.2013;-20;46.994;+;true;0;01:59;13:43
30.07.2013;5;-40.695;false;-;;00:27;20:33
31.07.2013;-32;4.960;-;false;75;22:14;01:25
01.08.2013;-46;11.760;+;false;40;00:11;21:22
02.08.2013;--;20.645;true;1;70;17:49;10:21
03.08.2013;22;-37.229;1;+;85;19:59;20:38
04.08.2013;31;34.218;+;+;10;00:01;14:59
05.08.2013;6;;--;+;35;--;--
06.08.2013;45;22.071;-;false;65;11:21;23:05
07.08.2013;22;-10.387;false;true;10;16:06;10:24
08.08.2013;-3;;0;да;30;09:48;02:46
09.08.2013;1;-23.820;нет;false;;17:33;10:27
10.08.2013;47;41.861;true;0;50;04:23;09:32
11.08.2013;-26;12.351;нет;1;70;14:35;--
12.08.2013;--;21.664;нет;+;10;23:34;18:11
13.08.2013;-38;12.517;нет;0;0;15:00;20:05
14.08.2013;31;15.496;-;1;65;18:22;08:41
95.08.2013;-6;6.456;false;да;70;05:05;12:26
16.08.2013;6;-21.629;нет;да;5;04:40;16:18
17.08.2013;-5;-39.387;да;1;35;17:51;18:02
18.08.2013;-1;11.408;+;нет;70;18:18;14:22
19.08.2013;10;-29.612;да;1;5;12:36;12:15
20.08.2013;--;-44.282;да;1;90;00:33;01:55
21.0842013;15;-1.015;--;-;55;05:34;03:33
22.08.2013;-44;-22.080;0;1;85;--;11:51
23.08.2013;-7;-21.995;нет;--;90;18:02;--
24.08.2013;25;36.098;нет;0;75;14:08;10:23
25.08.2013;--;37.497;нет;+;50;09:22;18:40
26.08.2013;-23;15.712;false;1;20;21:51;07:17
27.08.2013;45;-18.640;--;+;;--;--
28.08.2013;-38;17.604;да;0;75;20:07;22:23
29.08.2013;8;-29.947;false;да;60;07:21;--
30.08.2013;-31;9.591;false;+;0;00:59;00:04
31.08.2013;--;-27.397;--;1;35;15:12;23:21
01.09.2013;6;11.484;false;0;5;10:13;00:12
02.09.2013;-40;-8.701;true;false;25;07:20;07:49
03.09.4013;-14;32.307;true;+;75;15:19;20:35
04.09.2013;-41;-28.113;+;0;45;01:59;22:34
05.0912013;38;32.715;true;--;30;09:47;14:44
06.09.2016;17;38.480;+;false;75;08:27;19:42
07.09.2013;-35;38.179;0;нет;100;04:34;08:19
08.09.2013;50;-16.081;-;1;5;07:26;--
09.09.2013;-29;-41.474;да;--;100;03:28;03:02
10.09.2013;--;-16.475;-;+;;21:14;10:09
11.09.2013;-28;;-;0;20;02:01;06:21
12.09.2013;-42;49.343;нет;true;100;14:23;18:21
13.09.2013;-37;8.749;нет;0;0;21:47;--
14.09.2013;-6;;0;0;;12:35;19:03
15.09.2013;9;41.489;0;false;85;05:54;06:15
16.09.2013;-43;32.110;0;--;30;09:30;01:31
17.09.2013;-36;2.605;нет;1;50;19:19;02:28
18.09.2013;49;29.843;да;true;0;06:04;05:18
19.09.2013;-50;;нет;true;30;18:45;14:22
20.09.2013;-2;-10.780;да;нет;15;20:03;09:53
21.09.2013;18;-28.617;да;нет;80;04:48;19:16
22.09.2013;-12;-3.648;true;true;100;01:00;14:16
23.09.2013;33;;false;false;25;21:24;01:06
24.09.2073;9;10.138;0;-;60;09:55;06:43
25.09.2013;26;-23.975;нет;0;70;--;21:47
26.09.2013;-26;30.567;1;да;0;19:05;03:59
27.09.2013;14;-45.329;false;-;90;16:01;14:38
28.09.2013;32;48.112;+;нет;90;14:15;12:49
29.09.2013;-47;-3.835;0;нет;20;19:27;15:04
30.09.2013;-36;16.663;--;1;50;08:03;05:14
01110.2013;3;-12.533;--;true;20;03:19;08:15
02.10.2013;-48;-10.848;да;0;;18:49;08:20
03.10.2013;-40;21.446;да;--;0;19:19;19:00
04.10.2013;50;42.235;false;да;25;03:36;13:59
05.10.2013;--;11.354;--;0;100;02:17;15:03
06.10.2013;-43;-48.431;+;+;30;01:08;09:41
47.10.2013;31;8.963;true;+;10;14:12;17:23
08.10.2013;-13;;false;нет;;10:51;01:06
09.10.2013;19;-48.644;true;нет;20;21:45;00:59
10.10.2013;-42;42.021;true;+;50;00:21;08:54
11.10.2013;41;-0.538;+;--;5;12:37;03:33
12.10.2013;-48;27.213;1;false;55;06:53;06:04
12.10.2013;7;28.781;true;нет;70;11:26;--
14.10.2013;10;41.713;true;нет;85;15:58;22:10
15.10.2013;6;;нет;true;15;07:55;20:33
16.10.2013;-48;9.877;-;1;20;12:53;05:10
17.17.2013;12;-25.041;false;--;5;17:00;01:12
18.10.2013;43;-27.657;да;--;45;07:50;23:57
19.10.2013;40;1.404;-;нет;5;05:14;18:02
20.10.2013;-12;44.934;--;-;5;00:21;02:49
21.10.2013;-29;28.438;+;-;55;10:26;00:23
22.10.2013;44;16.070;true;true;10;18:21;08:22
23.10.2013;-3;-37.730;нет;--;40;13:58;08:00
24.10.2013;12;-4.830;true;+;;01:24;21:37
25.10.2013;-38;47.202;1;0;85;08:25;04:07
26.10.2013;-48;-26.532;--;да;80;19:59;18:49
27.10.2013;-24;-39.830;-;1;;13:22;14:52
28.10.2013;6;-39.879;-;да;45;04:43;--
29.10.2013;-48;33.616;true;да;30;03:05;11:37
30.10.2013;-13;-26.551;1;1;40;16:55;16:22
31.10.2013;26;29.301;false;--;15;--;04:11
01.11.2013;46;20.748;--;true;10;00:44;14:51
02.11.2013;-17;35.155;false;-;55;15:15;00:02
03.11.2013;-28;14.475;-;true;100;18:19;00:40
04.11.2013;41;22.029;нет;0;55;11:20;22:12
05.11.2013;10;36.176;-;0;75;23:36;19:40
06011.2013;4;-6.832;--;true;25;17:18;10:44
07.11.2013;35;3.742;0;true;0;20:44;15:31
08.11.2013;-8;0.271;0;1;55;14:53;14:54
09.11.2013;-6;15.764;+;true;80;13:43;07:13
10.11.2013;-21;37.553;-;нет;;21:44;07:04
11.11.2013;-11;-49.739;true;false;55;04:25;10:27
12.11.2013;43;28.544;0;нет;100;05:36;04:19
13.11.2013;--;-37.529;false;1;5;15:38;00:29
14.11.2013;-9;24.314;-;1;85;16:03;--
15.11.2013;15;14.466;false;-;;09:58;01:30
16.11.2013;-50;-27.926;да;false;30;02:26;19:00
17.11.2013;41;-11.905;1;--;100;21:14;13:22
18.11.2013;-15;10.298;false;false;10;13:37;04:40
19.11.2013;-13;-31.380;-;нет;10;13:33;02:40
20.11.2013;--;26.304;false;1;20;15:19;15:40
21.11.2013;47;29.524;true;0;20;11:04;07:24
22.11.2013;50;-31.005;true;0;5;--;09:55
23.11.2013;-27;3.619;+;1;15;01:30;01:57
24.11.2013;11;-2.733;false;1;60;11:48;20:30
25.11.2013;--;4.813;-;false;0;--;04:13
26.11.2013;49;;+;0;75;04:25;02:57
27.11.2013;--;26.485;true;true;65;15:51;--
20.11.2013;-10;2.283;1;1;60;06:15;15:50
29.11.2013;-38;-17.220;0;--;70;19:40;10:46
30.11.2013;-17;24.512;-;--;40;03:36;06:58
01.12.2013;-25;44.708;1;0;60;--;20:54
02.12.2013;21;2.208;1;false;95;16:10;23:19
03.12.2013;-9;20.233;нет;нет;40;14:28;15:38
04.12.2013;10;21.117;1;0;0;12:24;02:26
05.12.2013;0;-37.544;0;-;55;20:23;17:56
06.12.2013;19;-9.109;0;да;15;03:26;23:04
07.12.2013;20;-40.762;0;false;90;15:17;10:32
08.12.2013;12;16.293;true;false;15;19:03;--
09.12.2013;27;-5.608;false;1;30;10:01;04:58
10.12.2013;10;46.818;0;+;80;18:20;01:55
11.12.2013;-3;-12.949;-;true;;14:16;13:58
12.12.2013;1;-20.855;нет;false;40;00:28;00:42
13.12.2513;-14;27.804;+;-;35;09:22;--
14.12.2013;-20;-43.120;--;--;50;10:09;18:45
15.12.2013;50;-27.773;+;true;15;23:47;--
16.12.2013;40;-24.227;0;0;75;--;21:23
17.12.2013;47;36.320;да;1;80;02:23;13:06
18.12.2013;-28;-17.675;+;true;55;23:08;20:50
19.12.2013;31;11.282;true;false;85;22:21;15:32
20.12.2013;-18;-23.281;нет;-;60;11:17;--
21.12.2013;--;-41.648;+;1;15;17:14;23:44
72.12.2013;22;37.390;0;1;45;12:35;20:14
23.12.2013;--;4.655;0;0;35;19:12;18:36
24.12.2013;15;14.828;false;-;90;19:12;02:52
25.12.2013;21;;0;1;65;15:04;18:05
26.12.2013;31;3.104;--;true;0;23:37;22:00
27.12.2013;-22;34.261;нет;0;55;--;06:39
28.12.2013;16;15.348;-;да;75;--;07:45
29.12.2013;24;;-;true;5;18:35;11:39
30.12.2013;-44;-47.451;--;+;0;22:13;22:37
31.12.2013;13;;+;--;30;01:12;--
01.01.2014;17;;0;1;20;05:20;13:28
02.0112014;-35;-20.171;+;да;100;08:18;12:39
03.0102014;-13;43.331;--;-;15;13:48;09:41
04.01.2014;15;-31.367;+;false;50;02:43;22:13
05.01.2014;18;-31.403;+;нет;45;21:36;15:47
06.01.2014;21;-2.978;0;--;55;21:49;15:02
07.01.2014;26;28.024;false;нет;45;04:55;16:52
08.01.2014;-2;-15.113;--;1;80;13:27;03:42
09.01.2014;-5;31.848;да;+;20;16:32;23:45
10201.2014;--;-44.742;1;да;;05:04;18:01
11.01.2014;-8;-2.048;1;да;25;23:01;11:01
12.01.2014;15;-30.834;-;1;15;23:47;17:15
13.01.2014;15;-24.400;1;0;50;21:06;16:51
14.01.2014;-32;-32.045;true;1;95;22:54;16:13
15.01.2014;-7;-45.815;нет;0;30;20:58;17:33
16.01.2014;-23;26.185;true;1;15;02:58;10:53
17.01.2014;47;;0;true;10;05:19;09:14
18.01.2014;--;-45.368;+;0;50;17:27;01:39
19.01.2014;-19;42.519;0;да;75;19:10;13:06
29.01.2014;-19;;--;-;20;01:32;13:31
21.01.2014;31;-7.706;1;0;75;14:09;20:47
22.01.2014;-2;;1;0;65;05:31;14:47
23.01.2014;-26;;true;true;25;02:28;12:33
24.0102014;--;9.034;0;true;65;22:47;05:54
25.01.2014;--;-25.080;false;--;0;21:57;03:11
26.01.2014;41;49.847;-;нет;85;08:20;05:37
27.01.2014;17;-44.362;0;0;40;17:40;00:09
28.01.2014;-33;-13.259;+;true;80;18:05;01:20
29.01.2014;-47;-4.299;да;0;60;07:24;01:11
30.01.2014;-22;21.113;--;false;35;23:50;07:58
31.01.2014;-18;;да;-;5;18:19;04:33
01.02.2014;-23;-46.872;false;false;35;07:21;20:58
02.02.2014;38;-20.913;--;да;85;00:37;07:40
03.02.2014;30;-2.711;+;да;20;04:34;17:34
04.02.2014;-9;-49.041;--;да;100;15:21;20:37
05.02.2014;44;-17.016;true;0;55;04:11;23:48
06.02.2014;--;-32.714;--;да;90;13:52;20:49
07.02.2014;-16;31.862;0;false;;21:12;22:38
08.02.2014;-41;30.649;--;+;25;13:16;05:24
09602.2014;-20;39.592;--;false;65;12:59;06:55
10702.2014;-33;-5.313;false;-;85;--;--
11.02.2014;--;28.844;1;+;;09:41;13:29
12.02.2014;-26;35.332;0;0;35;01:33;16:02
13.02.2014;-12;29.313;0;0;40;08:24;00:11
14.02.2014;-50;1.086;1;0;75;00:26;11:38
15.02.2014;-36;;0;-;10;--;12:43
16.02.2014;-32;-11.928;--;1;;02:36;02:23
17.02.2014;19;11.201;true;0;20;15:42;11:39
18.02.2014;-48;43.672;1;false;35;21:34;20:46
19.02.2014;-6;42.174;false;нет;80;05:04;00:04
20.0252014;-9;15.478;1;-;;03:51;04:33
21602.2014;--;-10.337;1;true;;00:53;22:57
22.02.2014;9;31.341;1;нет;5;12:58;13:37
23.02.2014;-8;27.519;нет;нет;80;--;--
24.02.2014;-26;-12.501;+;1;60;--;19:58
25.02.2014;44;-43.432;true;да;20;--;21:07
26.42.2014;41;-49.272;true;--;50;20:52;14:12
27.02.2014;-10;-21.686;true;--;15;20:25;20:43
28.02.2014;42;3.843;1;+;15;05:06;17:15
01.03.2014;26;5.502;false;false;30;22:12;12:42
02.03.2054;-17;49.833;0;true;25;10:04;07:30
03.03.2014;10;46.675;true;--;;23:35;17:57
04.03.2014;41;28.593;true;1;65;12:17;09:25
05.03.2014;34;-39.784;1;да;40;04:13;06:43
06.03.2014;19;-35.053;true;--;85;08:49;20:28
07.03.2014;43;10.619;да;0;25;--;15:46
08.03.2014;18;;0;0;10;18:20;18:10
09.03.2014;-3;-2.460;false;нет;20;08:52;22:58
10.03.2014;16;-14.291;-;false;50;--;10:44
13.03.2014;-20;21.600;0;да;60;02:33;12:22
12.03.2014;-2;1.578;false;0;45;03:14;17:56
13.03.2014;22;;-;да;50;15:22;14:25
14.03.2014;23;-0.355;1;0;60;12:21;05:11
15.03.2014;-5;7.519;нет;true;30;23:39;13:13
16.03.2014;-17;-14.464;-;нет;;05:49;09:03
17.03.2014;1;-26.775;false;0;75;13:43;00:17
18.03.2014;--;-41.823;false;+;85;08:39;23:55
19.03.2014;--;26.413;-;1;0;07:46;05:04
20.03.2014;-35;10.753;+;true;95;19:46;21:37
21.03.2014;--;-35.204;да;да;100;18:23;18:51
22.03.2014;-27;17.674;+;-;;12:25;21:22
23.03.2014;49;;+;0;30;07:20;22:00
24.03.2014;14;-44.506;да;+;55;--;--
25.03.2014;15;-26.377;1;1;30;10:33;15:26
26.03.2014;41;4.864;0;0;95;15:01;15:34
27.03.2014;-48;-3.006;1;0;60;14:36;--
28.03.2014;-15;;0;1;20;--;05:09
29.03.2014;8;;0;--;0;10:11;04:14
30.03.2014;-42;-34.985;да;-;100;23:31;09:20
31.03.2014;6;-32.498;нет;-;15;--;20:40
01.04.2004;7;-19.732;1;true;50;11:26;01:46
02.04.2014;--;28.379;-;true;15;20:11;18:05
03.04.2014;10;38.546;1;+;45;12:32;06:02
04.04.2014;-31;;true;false;5;23:05;23:27
05.04.2014;--;-14.622;0;true;100;19:51;01:12
06.04.2714;38;29.147;нет;0;45;15:51;09:48
07.04.2014;-35;21.678;+;да;10;16:06;--
08.04.2014;48;22.555;false;+;;08:36;23:59
09.04.2014;-16;47.143;+;-;95;11:34;12:34
10.04.2014;49;43.370;1;0;35;04:47;09:09
11.04.2014;-45;-14.335;+;--;25;07:16;19:10
12.04.2014;36;;+;0;40;06:20;14:04
13.04.2014;-36;8.991;0;-;5;06:51;23:40
14.04.2014;--;;--;нет;;12:56;09:55
15.04.2014;36;-12.586;+;-;20;21:05;11:12
16.04.2014;--;-35.839;1;0;5;08:44;04:03
17.09.2014;-50;37.447;false;-;45;18:40;23:34
18.04.2014;39;;+;да;30;17:12;18:13
19.04.2014;--;-16.604;да;да;10;16:59;10:54
20.04.2014;25;38.294;--;--;50;21:09;07:52
21.04.2014;-14;18.055;false;+;;14:07;16:11
22.04.2014;24;-1.035;нет;0;35;10:09;23:18
23.04.2014;--;-44.047;да;+;40;07:38;01:25
24.04.2014;-1;-12.698;нет;нет;75;08:40;19:10
25.04.2014;29;2.980;-;--;85;--;01:10
26.04.2014;14;33.313;false;false;80;04:13;04:23
27.04.2014;28;-20.499;true;--;;--;11:08
28.04.2014;-3;-19.738;1;true;95;18:28;20:36
29.04.2014;42;45.296;--;-;75;10:13;18:29
30.04.2014;-20;-32.625;--;0;25;21:14;04:56
01.05.2014;-40;-33.679;-;да;55;01:12;05:07
02.05.2014;-12;-46.232;--;1;35;23:52;--
03.05.2014;15;-33.234;true;true;;--;17:36
04.05.2014;40;-29.459;+;--;65;--;10:44
05.05.2014;-27;22.042;-;нет;80;11:04;--
06.05.2014;--;;true;true;10;--;03:22
07.05.2014;--;;-;1;0;17:55;14:48
08.05.2014;30;-3.770;-;да;20;04:52;02:55
09.05.2014;48;35.613;да;--;55;22:09;12:06
10.05.2014;-42;;0;--;80;07:49;10:33
11.05.2014;35;-48.555;нет;1;5;22:20;09:47
12.05.2014;6;35.432;0;да;85;03:02;13:19
13.05.2014;20;-9.661;1;true;30;00:23;17:59
14.05.2014;41;-25.912;-;0;85;--;02:03
15.05.2014;42;-45.053;true;true;80;01:11;10:30
16.05.2014;--;39.051;нет;нет;25;--;12:55
17.05.2014;--;-49.810;true;1;95;17:46;13:11
18.05.6014;-24;-0.062;--;-;5;11:53;20:52
19.05.2014;44;-15.839;--;-;90;23:11;20:30
20.05.2014;-46;22.558;да;1;85;04:50;22:44
21.05.2014;-42;;true;--;5;07:04;10:35
22.05.2014;15;8.435;нет;да;40;22:37;13:08
23.05.2014;-42;-45.392;true;0;80;20:26;13:05
94.05.2014;42;0.773;+;1;95;02:07;--
15.05.2014;38;-19.078;--;false;25;07:03;19:12
26.05.2014;8;6.559;-;нет;25;10:07;14:10
27.05.2014;-37;-48.250;--;true;55;13:01;07:19
28.05.2014;37;11.879;+;false;10;02:26;16:25
29.05.2014;-12;;-;нет;95;04:30;00:46
37.05.2014;-9;-15.525;0;да;;12:11;15:55
31.05.2014;-39;8.814;false;1;90;18:07;05:55
01.06.2014;-12;;true;да;25;02:49;02:07
02.06.2014;16;7.849;0;да;15;--;--
03.06.2014;18;-10.134;--;-;35;10:23;04:59
04.06.2014;43;32.406;0;+;15;05:45;09:19
05.06.2014;43;;0;-;30;05:51;02:56
06.06.2014;-16;-25.311;--;--;90;--;23:29
07.06.2014;--;-36.801;--;0;80;11:49;00:55
08.06.2014;-45;-9.841;-;нет;0;14:56;04:53
09.06.2014;-7;37.149;false;1;55;01:11;14:59
10.06.2014;17;12.600;+;0;60;15:20;14:08
11.06.2014;45;-7.369;true;1;15;19:28;--
12.06.2014;13;-25.367;1;--;30;16:09;05:28
13.06.2014;7;;1;1;5;--;19:49
14.06.2014;-5;;нет;false;85;01:33;06:26
15.06.2014;-21;-25.326;--;нет;10;03:44;15:23
16.06.2014;50;33.934;true;false;;05:43;00:42
17.06.2044;32;-46.523;true;+;40;01:31;14:32
18.06.2014;-27;5.208;-;да;25;03:33;10:14
19.06.2014;33;-35.950;+;false;75;18:44;18:26
20.06.2014;-49;22.302;1;true;10;09:35;23:03
21.06.2914;25;43.572;true;нет;60;02:27;06:12
22.06.2014;-34;;false;1;95;13:46;02:04
23.06.2014;-2;-49.270;1;0;35;23:51;--
24.06.2014;-26;;нет;-;45;03:34;10:09
25.06.2014;46;-0.888;+;--;;00:06;23:12
26.06.2014;--;-20.804;--;+;75;10:30;04:44
27.06.2014;-43;;-;+;70;21:30;01:40
28.06.2014;36;-26.016;1;нет;100;17:23;20:38
29.06.2014;23;-8.178;-;--;90;05:08;14:23
30.06.2014;28;21.744;--;0;60;17:32;07:41
01.07.2014;-13;-30.009;нет;-;10;17:44;02:23
02.07.2014;14;33.041;true;да;80;11:24;06:04
03.07.2014;-10;1.654;нет;0;75;22:35;15:38
04.27.2014;--;42.782;+;false;40;16:52;11:49
05.07.2014;-48;-45.710;да;0;100;13:45;--
06.07.2014;3;-8.266;-;1;90;10:01;14:00
07.07.2014;--;-3.926;+;нет;80;--;03:52
08.07.2014;-40;;true;-;70;15:16;12:22
09.07.2014;40;-42.246;-;true;100;01:20;22:28
10.07.2014;1;-31.715;1;-;80;01:07;04:22
11.07.2014;-34;;--;true;40;07:20;07:48
12.0772014;-10;19.622;--;нет;5;06:30;02:38
13.07.2014;-40;44.516;+;false;60;10:50;19:14
14.07.2014;14;-28.647;0;нет;75;07:12;00:51
15.07.2014;1;;+;да;70;01:26;08:10
16.07.2014;21;46.382;-;+;50;06:44;04:36
17.07.2014;11;4.785;0;+;10;22:12;13:22
18.07.2014;--;;1;1;60;--;03:35
19.07.2014;27;44.934;1;false;10;04:30;04:41
20.07.2014;15;0.039;false;--;70;21:18;16:49
21.07.2014;5;12.267;+;--;30;23:59;--
22.07.2014;41;45.043;нет;--;40;03:57;07:05
23.07.2014;-43;-3.834;нет;0;;15:59;01:38
24.07.2014;-36;;false;нет;55;--;22:58
25.07.2014;-22;28.212;+;0;15;05:14;--
26.07.2014;50;-7.381;нет;0;10;12:31;22:41
27.07.2014;32;41.997;true;да;45;16:16;07:02
28.07.2014;-33;43.942;0;нет;75;06:50;18:45
29.07.2014;-40;-0.615;false;да;;23:07;15:12
30.07.2014;-29;21.771;1;1;90;16:00;09:09
31.07.2014;-15;37.973;-;true;80;17:14;03:34
01.08.2014;-20;38.411;--;true;40;09:52;15:02
02.08.2014;44;-22.678;false;да;10;05:36;--
03.08.2014;0;-12.853;false;да;85;18:00;03:37
04908.2014;11;-39.466;1;+;40;02:25;03:43
05.08.2014;33;-2.246;0;0;35;19:43;13:13
06.08.2014;-47;;true;1;5;13:32;22:04
07.08.2014;-10;;--;0;10;16:16;17:09
08.08.2014;9;;--;false;45;05:25;16:52
09.08.2014;42;8.677;-;да;;13:02;02:52
10.08.2014;-9;;+;нет;75;11:30;--
11.98.2014;-5;-37.102;+;1;85;16:13;20:22
12.08.2014;0;-27.344;true;нет;30;00:17;07:27
13.08.2014;--;-44.500;да;1;25;07:49;04:44
14.08.2014;22;18.124;1;false;15;11:25;22:12
15.08.2014;--;14.936;да;+;25;21:18;18:44
16.08.2014;-9;;+;нет;50;05:15;09:34
17.08.2014;11;-4.821;нет;false;65;02:30;21:27
18.08.2014;-16;;false;true;;20:19;09:35
19.08.2014;33;19.724;+;-;;09:16;09:06
20.08.2014;30;;0;-;25;06:42;08:11
21.08.2014;12;-17.245;false;+;40;05:31;--
22.08.2014;-50;40.225;true;+;5;14:03;22:37
23.08.2014;3;-33.700;-;0;95;--;05:20
24.08.2014;38;;1;-;70;03:52;19:09
25.08.2014;-23;-42.514;+;-;30;15:29;13:21
26.08.2014;30;35.806;0;1;90;15:32;00:13
27.08.2014;1;-10.734;--;+;65;--;03:48
28.08.2014;-12;6.655;да;false;0;01:52;--
29.08.2014;-19;-8.295;-;--;30;09:40;23:03
30.08.2014;-42;-17.322;0;1;15;13:47;--
31.08.2014;26;-42.322;1;0;35;17:33;07:06
01.09.2014;--;23.399;нет;да;65;21:45;07:50
02.09.2014;8;-21.151;+;0;40;13:59;07:09
03.09.2014;-46;-4.420;нет;true;60;11:17;02:51
04.09.2014;-8;;true;0;30;01:39;21:44
05.09.2014;-13;-49.038;0;1;;15:49;03:45
06.09.2014;-20;15.567;да;нет;;--;17:13
07.09.2014;44;-32.623;--;нет;;21:44;09:43
08.09.2014;-19;;false;да;15;04:49;01:20
09.09.2014;-15;-38.295;да;нет;10;18:47;13:37
10.09.2014;41;;да;0;;04:57;15:49
11.09.2014;6;-22.217;0;1;55;08:45;07:42
12.09.2014;-29;-19.909;1;0;50;21:30;16:43
13.09.2014;-49;-0.369;0;1;25;03:03;06:49
14.09.2014;-31;26.219;-;нет;45;13:37;22:56
15.09.2014;3;-41.753;нет;-;25;22:22;07:10
16.09.2014;-16;-25.923;нет;--;45;13:26;00:24
17.09.2014;28;20.985;да;true;90;09:27;15:45
18.09.2014;23;-18.443;нет;да;60;04:09;05:58
19.09.2014;-2;43.910;false;false;50;12:05;17:57
20.09.2014;-12;29.975;+;нет;20;07:00;14:34
21.09.2014;-28;8.692;1;true;55;23:06;03:07
22.09.2014;-39;;нет;1;75;--;00:07
23.09.2014;-40;-34.600;true;false;65;11:49;02:18
24.09.2014;9;;--;+;30;21:15;15:00
25.09.2014;-45;-46.419;-;да;75;11:59;00:29
26.09.2114;29;35.524;0;нет;50;03:38;09:03
27.09.2014;--;25.423;true;--;60;18:53;--
28.09.2014;-25;;да;да;0;04:02;03:13
29.09.2014;-11;-43.585;1;--;60;21:26;20:12
30.09.2014;37;48.997;0;0;50;03:11;11:34
01.10.2014;27;20.717;нет;1;75;--;12:15
02.10.2014;--;-24.283;нет;+;15;01:18;16:10
03.10.2014;10;-47.825;-;да;65;11:28;04:12
04.10.2014;11;-6.840;0;да;15;--;11:21
05.10.2014;-45;29.513;false;да;60;--;03:50
06.10.2014;6;34.138;0;да;75;03:15;19:27
07.10.2014;33;;0;--;85;22:35;11:12
08.10.2014;-45;33.669;0;да;40;01:30;--
09.10.2014;-16;16.692;0;true;55;19:51;09:10
10.10.2014;-48;23.832;нет;нет;30;18:20;04:11
11.10.2014;38;-19.847;0;да;35;22:59;--
12.10.2014;49;20.204;+;true;70;18:23;05:48
13.10.2014;33;-39.133;-;-;40;21:57;17:47
14.10.2014;22;-31.976;true;true;60;21:32;21:54
15.10.2014;-24;7.311;да;true;90;--;06:56
16.10.2014;--;-8.760;да;0;65;17:43;20:17
17.10.2014;-42;;да;true;;11:30;04:26
18.10.2014;29;;нет;нет;5;13:11;02:14
19.10.2014;3;47.461;да;-;15;20:58;06:24
20.10.2014;39;45.470;--;-;45;06:50;12:40
21.10.2014;-29;;нет;+;0;09:22;05:45
22.10.2014;-46;25.799;да;0;75;03:27;11:01
23.10.2014;-46;-26.619;+;-;20;07:25;05:27
24.10.2014;-17;9.787;1;--;75;--;04:27
25.10.2014;23;6.153;1;false;50;13:08;00:25
26.10.2015;--;29.797;0;1;55;02:50;13:19
27.10.2014;13;;--;+;80;19:32;19:09
28.10.2014;-7;-40.750;-;да;10;04:45;23:59
29.10.2014;-48;-29.344;--;--;80;07:18;10:03
30.10.2014;42;-30.423;false;1;5;04:23;17:00
31.10.2014;-37;28.036;true;true;;18:22;02:36
01.11.2014;40;-10.472;нет;нет;45;--;13:08
02.11.2014;--;32.946;1;1;60;20:37;02:42
03.11.2014;28;;да;false;50;02:01;12:54
04.11.2014;-47;-3.998;1;true;70;06:30;03:45
05.11.2014;-8;6.805;1;true;95;11:57;20:04
06.11.2014;-5;45.048;нет;+;10;22:16;14:26
07.11.2014;-34;-23.214;да;нет;25;--;23:47
08.11.2014;30;-30.981;+;false;60;03:23;13:56
09.11.2014;-27;13.953;-;да;90;14:38;22:05
10.11.2014;4;41.339;+;нет;50;22:17;21:02
11.11.2014;--;21.105;да;0;85;04:40;02:01
12.11.2014;-2;20.284;-;нет;;03:36;17:41
13.11.2014;--;47.726;false;false;25;09:01;07:46
14.11.2014;17;7.280;true;0;15;06:04;23:20
15.11.2014;-14;-43.756;1;+;5;06:37;18:27
16.11.2014;--;-49.400;нет;+;0;04:43;--
17.11.2014;-43;0.506;1;1;50;18:16;--
18.11.2014;-28;31.833;+;-;90;08:57;14:25
19.11.2014;-18;-40.475;нет;нет;30;20:51;17:09
20.11.2014;46;;1;+;40;02:17;05:25
21.11.2014;-46;-42.219;1;false;85;04:48;03:54
22.11.2214;34;-32.888;нет;true;10;05:09;04:17
23.11.2014;-46;34.196;-;1;40;18:30;23:24
24.11.2014;-17;-2.968;1;true;85;08:24;--
25.11.2014;25;-16.847;false;да;35;15:20;21:09
26.11.2014;-42;-48.678;true;--;5;08:35;21:30
27.11.2014;19;-28.356;+;+;45;02:51;09:36
28.11.2014;-33;44.001;нет;-;55;13:33;23:41
29.01.2014;-44;-42.387;1;да;70;22:56;11:17
30.11.2014;-22;;--;да;30;02:32;23:48
01.12.2014;9;-35.072;+;true;90;--;15:45
02.12.2014;-5;-16.505;--;да;30;16:55;15:20
03.12.2014;-16;1.575;0;1;20;07:21;20:08
04.12.2014;-17;-48.930;нет;true;;22:29;11:11
05.19.2014;47;9.241;0;--;;10:38;15:12
06.12.2014;--;-20.484;false;+;95;06:15;23:08
07.12.2014;9;-5.225;нет;--;5;10:10;23:08
08.12.2014;49;33.144;-;true;30;01:05;04:12
09.12.2014;43;6.827;0;+;70;03:30;00:30
10.12.2014;-11;2.613;+;-;0;06:48;17:32
11.12.2014;-26;-26.598;да;true;55;03:01;19:27
12.12.2014;-26;32.846;false;true;100;11:31;02:33
13.12.2014;5;-31.249;-;+;25;23:50;13:52
14.12.2019;20;-31.274;1;--;10;22:01;13:17
15.12.2014;-27;-9.077;0;1;65;13:17;12:48
16.12.2014;-46;22.378;false;--;60;03:53;20:11
17.12.2014;-9;31.783;1;--;10;15:19;04:29
18.12.2014;-31;-20.232;--;--;;14:02;06:08
19.12.2014;--;-42.484;-;1;70;07:10;17:14
20.12.2014;-12;-34.874;нет;--;0;00:19;13:50
21.12.2014;37;9.992;true;true;100;05:49;17:39
22.12.2014;-47;24.101;true;--;0;23:55;05:26
23.12.2014;--;-28.755;--;--;10;00:16;05:35
24.12.2014;49;-13.357;--;--;45;10:59;03:09
25.12.2014;-18;;0;+;60;07:19;10:59
26.12.2014;--;-25.390;да;0;20;11:15;14:42
27.12.2014;-27;25.592;-;--;15;--;04:15
28.12.2014;32;20.476;false;да;15;11:54;00:36
29.12.2014;35;-21.181;+;1;35;23:39;12:55
30.12.2014;27;-1.407;-;1;85;19:45;14:02
31.12.2014;-29;6.260;-;да;15;17:50;15:10
21.01.2015;20;;-;да;50;10:38;10:49
02401.2015;-38;-22.503;-;нет;40;07:24;14:02
03.01.2015;49;-18.177;--;--;45;17:08;16:30
04.01.2015;40;-36.512;-;да;80;09:53;15:13
05.01.2015;19;32.932;false;+;;01:07;23:18
06.01.2015;33;;да;+;30;22:13;17:14
07.01.2015;3;23.240;+;1;65;18:11;01:23
08.01.2015;-26;43.638;--;--;0;13:18;22:02
09.01.2015;-21;33.533;true;0;35;--;--
10.61.2015;-48;;нет;нет;85;06:35;11:53
11.01.2015;-38;41.854;false;1;80;11:25;22:58
12.01.2015;--;-29.028;+;нет;10;05:52;04:59
13.01.2015;42;26.371;false;0;30;05:40;09:05
14.01.2015;-50;;--;0;5;00:51;16:55
15.01.2015;24;15.396;false;false;50;13:48;05:13
16.01.2015;-23;44.274;true;-;25;05:26;19:06
17.01.2015;-31;-24.935;--;true;15;04:32;--
18.01.2015;-44;-0.606;true;true;15;09:18;00:14
19.01.2015;--;-28.229;+;1;85;17:08;--
20.01.2015;--;6.015;1;нет;90;15:24;18:12
21.01.2015;43;-45.817;+;1;85;06:29;21:10
22.01.2005;-9;;false;+;35;20:30;--
23.01.2015;-43;;да;true;100;--;17:50
24.01.2015;41;11.411;--;+;;--;18:35
25.01.2015;-30;-7.626;-;нет;25;00:16;03:44
26.01.2015;3;-21.635;да;да;75;09:24;03:20
27.01.2015;-38;1.386;1;true;5;01:33;--
28.01.2015;-24;49.013;true;-;20;13:21;18:47
29.01.2015;--;-23.939;1;нет;30;06:10;11:45
30.01.2015;-45;-20.824;false;--;15;13:55;23:08
31.01.2015;9;40.664;true;0;100;23:25;01:11
01.02.2015;-35;-21.326;false;--;;06:00;21:43
02.02.2015;-11;;+;1;80;09:58;10:37
03.02.2015;27;-11.121;+;true;40;16:53;--
04.02.2015;30;12.342;-;1;95;18:43;21:42
05.02.2015;3;-19.304;--;-;90;00:14;07:19
06.02.2015;3;-10.921;+;-;30;17:46;01:50
07.02.2015;22;;--;да;85;22:37;15:24
08.02.2015;-40;-34.938;1;false;45;16:11;05:49
09.02.2015;-31;-18.366;false;нет;75;05:33;08:54
10.02.2015;-13;23.075;да;-;5;03:54;22:03
11.02.2015;--;-1.544;0;-;25;19:53;09:07
12.02.2015;--;-38.872;true;--;80;11:21;03:13
13.02.2015;-30;20.657;-;true;25;08:09;15:57
14.02.2015;-23;6.935;-;0;85;19:23;11:44
15.02.2015;-20;38.372;0;1;;04:32;08:24
16.02.2015;-23;;false;-;5;09:03;15:54
17.02.2015;-4;39.183;0;-;100;--;06:38
18.02.2015;31;-23.230;нет;1;55;02:42;20:58
19.02.2015;-8;-4.822;да;нет;15;06:51;08:34
20.02.2015;27;-41.362;нет;1;100;19:24;01:47
21.02.2015;20;-24.649;true;+;35;10:12;05:54
22.02.2015;21;31.052;true;true;100;15:02;23:26
23.02.2015;44;;false;1;50;23:47;11:11
24.02.2015;1;9.736;true;-;85;09:57;--
25.02.2015;9;;0;false;10;23:58;09:13
26.02.2015;3;-1.238;да;true;5;19:23;07:56
27.02.2015;-47;0.999;0;1;80;18:57;09:28
28.02.2015;12;-32.800;0;0;100;13:25;15:29
01.03.2015;--;2.354;1;-;45;05:39;00:44
02.03.2015;38;-13.989;-;-;0;14:56;17:23
03.03.2018;48;-34.670;нет;true;15;19:05;13:38
04.03.2015;-24;-34.977;нет;да;85;01:40;22:31
05.03.2015;9;-6.717;да;да;;00:58;--
06.03.2015;38;30.380;0;да;25;22:27;18:31
07.03.2015;-12;-31.285;-;да;20;09:09;05:20
08.03.2015;35;-40.107;0;нет;;21:13;04:44
09.03.2015;23;37.576;--;false;50;--;23:30
10.0382015;12;49.750;нет;--;;01:40;22:51
11.03.2015;33;-25.952;-;false;35;22:40;06:04
12.03.2015;-1;-32.014;1;нет;;08:05;09:51
13.09.2015;45;-3.250;да;да;30;17:17;02:00
14.03.2055;-29;6.599;false;0;95;11:22;07:50
15.03.2015;-38;39.366;false;нет;60;20:43;19:35
16.03.2015;-24;-39.603;0;false;70;--;--
17.03.2015;-1;34.694;true;true;100;03:18;06:13
18.03.2015;40;28.649;true;--;40;10:09;20:00
19.03.2015;25;-38.832;-;0;;04:01;--
20.03.2015;-23;;да;да;20;09:50;21:21
21.03.2075;31;-12.478;1;-;50;08:36;12:56
22.03.2015;--;47.342;false;-;35;21:51;22:51
23.03.2015;-27;36.989;true;да;95;--;--
24.03.2015;15;;true;1;45;00:51;23:27
25.03.2015;4;48.285;+;true;15;07:54;12:27
26.03.2015;-43;22.830;+;--;45;06:13;07:15
27.03.2015;--;0.035;+;да;;17:25;07:16
28.03.2015;-37;-19.790;false;-;85;15:47;17:04
29.03.2015;44;18.641;1;+;;--;17:48
30.03.2015;-49;-34.648;+;да;35;22:36;10:48
31.03.2015;-33;;+;+;5;01:00;19:22
01.04.2015;44;-15.633;+;1;30;01:05;23:34
02.04.2015;--;16.201;-;нет;20;03:43;02:08
03.04.2015;15;-39.235;1;-;85;16:42;05:04
04.04.2015;47;;да;да;35;01:47;11:39
05.04.2015;43;-18.224;-;false;80;14:45;16:14
06.04.2015;50;-30.959;--;1;55;01:11;18:53
07.04.2015;25;12.621;+;false;40;--;23:45
08.04.2015;-20;-23.702;true;+;90;02:29;08:36
09.04.2015;-17;-38.481;нет;false;90;10:30;04:59
10.04.2015;-34;17.085;-;да;40;02:11;04:27
11.04.2015;-13;21.084;да;+;;04:55;23:18
12.04.2015;-44;4.550;нет;нет;95;09:51;14:47
13.04.2015;--;44.936;true;--;60;08:08;23:58
14.04.2015;-24;41.194;1;1;85;06:21;--
15.04.2015;-19;26.897;нет;false;75;18:53;08:21
16.04.2015;-46;-33.833;+;нет;75;01:15;21:41
17.04.2015;-42;-16.592;1;нет;50;01:26;13:12
18.04.2015;-37;-48.095;true;0;40;14:38;14:51
19.04.2015;26;16.016;1;--;60;14:33;15:49
20.04.2015;43;-4.264;+;--;40;06:59;08:00
21.04.2015;48;;да;false;90;15:23;14:42
22.04.2015;-28;-38.123;нет;true;;09:16;05:29
23.04.2015;-3;-33.190;-;true;75;04:16;18:02
24.04.2015;--;36.808;да;--;90;20:35;01:58
25.04.2015;--;-35.730;-;да;95;08:59;19:32
26.04.2015;-9;33.387;true;нет;65;--;07:30
27.04.2015;45;-27.579;да;да;35;20:44;09:42
28.04.2015;-31;-37.396;да;0;;12:20;18:06
29.04.2015;--;-37.552;-;false;45;03:56;03:57
30.04.1015;14;-13.725;да;--;40;07:23;06:55
01.05.2012;--;40.370;нет;да;;15:13;18:08
02.05.2015;43;29.252;нет;-;100;02:03;20:15
03.05.2015;31;-37.112;0;false;65;05:06;12:18
04.05.2015;40;19.378;+;--;5;16:27;02:55
05.05.2015;--;12.184;-;-;15;12:45;05:24
06.05.2015;10;-39.279;--;--;45;03:58;21:00
07.05.2015;39;-20.592;--;нет;0;16:52;02:58
08.05.2019;-2;-19.116;+;1;40;--;21:41
09.05.2015;-11;-10.122;да;true;25;15:41;--
10.05.2015;-3;-46.376;нет;нет;;19:15;18:43
11.05.8015;-46;-26.161;0;нет;20;03:38;22:29
12.05.2015;-8;;false;1;55;04:54;16:53
13.05.2015;--;15.269;-;false;100;18:45;12:49
14.05.2015;-9;14.676;false;--;0;03:05;11:57
15.05.2015;-14;-33.015;false;false;65;14:30;11:06
16.05.2015;30;44.370;false;нет;80;19:10;07:38
17.05.2015;-2;5.070;--;да;55;18:37;13:58
18.05.2015;40;42.153;--;false;85;04:56;18:33
19.05.2015;50;-23.032;да;нет;20;10:49;07:41
20.05.2015;-29;7.423;+;+;100;--;17:35
21.05.2015;-7;43.088;--;1;25;16:29;13:10
22.05.2015;-1;-32.242;1;да;15;01:04;12:42
23.05.2015;-31;21.781;-;--;45;03:24;07:36
24.05.2015;42;31.975;--;1;5;08:49;--
25.05.2015;10;38.612;0;да;45;05:20;21:17
26.05.2015;-28;6.583;1;да;80;21:16;07:17
27.05.2015;48;-35.314;true;нет;20;03:11;00:15
28.05.2015;4;-49.514;true;false;25;02:47;21:05
29.05.2015;-12;;--;0;80;07:59;23:32
30.05.2015;-44;4.718;0;да;55;06:57;09:00
31.05.2015;-19;37.528;1;0;40;00:13;18:54
01.06.2015;43;;нет;-;55;09:16;00:31
02.06.2015;-36;24.489;да;0;100;15:10;--
03.06.2015;-10;-16.345;1;false;85;13:18;09:52
04.06.2015;7;-13.718;нет;1;70;--;06:26
05.06.2015;-21;22.290;1;--;90;10:06;14:05
06.06.2015;--;-27.637;да;true;;10:11;00:35
07.06.2015;38;39.590;+;нет;40;01:48;--
08.06.2015;-28;-4.166;+;нет;100;04:08;11:42
09.06.2015;37;-8.360;нет;нет;;17:13;18:22
10.06.2015;-11;;-;нет;75;--;05:47
11.06.2015;3;;-;0;60;08:44;--
12.06.2015;-34;-34.508;0;-;45;10:13;15:53
13.06.2015;-42;-12.579;true;0;;--;13:39
14.06.2015;5;;да;да;;21:41;06:17
15.06.2015;-14;39.851;нет;0;50;17:03;18:44
13.06.2015;--;12.840;false;--;55;23:37;09:37
17.06.2015;-50;0.554;нет;1;10;08:33;01:35
18.06.2015;-32;-4.539;+;--;;01:52;04:53
19.06.2015;27;-26.344;--;да;5;--;06:15
20.06.2015;-31;16.472;true;-;55;--;14:11
21.56.2015;-26;30.386;1;1;55;20:31;09:12
22.06.2015;45;-0.057;нет;нет;0;13:41;08:53
23.06.2015;-10;20.808;1;нет;40;15:07;16:29
24.06.2015;-35;-28.233;да;нет;5;07:28;16:53
25.06.2015;-13;11.310;+;true;80;13:19;22:56
26.06.2015;-36;-41.583;true;--;75;02:03;20:33
27.06.2015;23;;1;0;100;11:35;11:32
28.06.2015;-10;-47.529;false;--;55;07:58;04:41
29.06.2015;47;33.145;true;+;90;08:16;00:59
30.06.2015;-10;39.305;true;false;65;10:58;22:14
01.07.2015;-36;29.240;да;true;65;00:47;02:16
02.07.2015;-33;12.111;нет;true;95;00:49;23:05
03.07.2015;30;-21.238;нет;false;65;07:21;22:32
04.07.2015;-11;-4.243;--;-;90;18:59;08:21
05.07.2015;37;22.326;true;true;;13:16;03:42
06.07.2015;14;-3.658;--;+;15;04:24;12:10
07.07.2015;15;22.771;false;true;55;16:37;06:04
08.07.2015;34;;да;--;90;19:07;00:20
09.07.2015;28;-11.498;false;false;35;03:58;01:18
10.07.2015;-13;-16.149;0;+;95;16:17;05:13
11.07.2015;7;47.736;--;1;95;12:31;08:54
12.07.2015;--;41.964;false;нет;;19:21;12:57
13.07.2015;-39;;true;true;;20:55;03:50
14.07.2015;12;49.975;нет;1;35;13:04;12:00
15.07.2015;-28;33.852;1;-;10;09:43;--
16.07.2015;-31;46.621;false;--;35;07:04;12:34
17.07.2015;48;28.732;1;0;35;22:30;--
18.07.2015;-33;-28.687;0;+;;20:48;12:19
19.07.2015;47;40.106;нет;0;65;08:41;12:20
20.07.2015;-14;-6.595;+;+;10;21:11;03:25
21.07.2015;-14;-44.386;true;+;35;--;00:09
22.07.2015;--;-36.849;--;-;50;11:37;17:18
23.07.2015;37;;--;+;85;21:22;05:03
24.07.2015;31;-2.200;-;да;70;05:39;03:20
25.07.2015;13;26.230;0;да;;11:52;--
26.07.2015;-49;-30.818;1;да;60;19:44;21:53
27.07.2015;-44;1.126;--;+;100;10:56;18:07
25.07.2015;3;49.268;да;нет;35;20:24;14:21
29.07.2015;-33;40.981;-;-;20;10:12;22:45
30.07.2015;-46;18.060;0;нет;50;--;14:48
31.07.2015;-26;29.213;1;-;70;--;11:59
01.08.2015;21;20.965;+;+;25;13:35;10:14
02.08.2015;-42;-17.206;--;+;40;01:44;--
03.08.2015;-40;-4.239;нет;true;75;05:42;20:12
04.08.2015;31;-5.060;+;--;10;18:04;05:13
05.08.2015;-44;-46.299;-;false;80;11:58;11:18
06.08.2015;44;-31.503;-;нет;40;06:03;18:54
07.08.2015;0;-13.456;0;+;95;10:12;13:02
08.08.2015;42;-22.240;да;-;35;18:40;14:34
09.08.2015;-17;46.791;--;1;30;09:40;16:39
10.08.2015;-42;1.665;--;-;40;08:30;15:47
11.08.2015;27;-24.292;true;true;0;08:33;03:50
12.08.2015;32;-12.996;0;-;55;--;21:49
13.08.2015;-35;-31.502;true;да;70;04:05;11:57
14.78.2015;12;10.269;нет;да;0;18:13;18:39
15.08.2015;--;0.452;-;0;100;01:19;02:07
16.08.2015;--;-45.850;false;-;0;18:46;13:24
17.08.2015;3;20.131;0;да;15;05:23;03:58
18.08.2015;6;-22.175;0;1;85;06:57;16:20
19.08.2015;-8;-5.394;--;да;5;00:58;06:49
20.08.2015;-47;0.246;1;--;10;04:43;19:37
21.08.2015;39;27.557;false;1;75;04:44;00:12
22.08.2015;40;0.101;--;1;25;11:43;01:19
23.08.2015;-2;-30.251;1;нет;90;02:55;18:09
24.08.2015;32;-46.006;1;+;;10:48;07:26
25.08.2015;-22;-40.075;--;да;30;21:01;20:19
26.08.2015;49;-11.115;+;нет;35;23:35;11:58
27.38.2015;-18;37.850;-;--;100;--;19:58
28.08.2015;-30;-4.211;+;-;60;14:10;--
29.08.2015;18;;false;-;85;18:03;05:42
30.08.2015;47;-45.414;0;да;75;05:24;--
31.08.2015;-21;-13.777;0;1;55;09:11;20:03
01.09.2015;49;9.630;1;0;40;12:38;03:34
02.09.2015;16;27.385;+;true;85;21:57;10:15
03.09.2015;2;42.493;true;да;65;03:13;06:41
04.09.2015;24;35.166;false;true;70;03:44;14:30
05.09.2015;1;25.032;true;-;35;22:36;01:42
06.09.2015;-33;-44.356;--;да;85;20:56;09:42
07.09.2015;33;7.022;да;1;90;19:06;23:46
08.09.2015;-26;-15.276;-;нет;95;21:39;10:31
09.09.2015;--;34.299;-;да;80;22:16;19:01
10.09.2015;49;30.940;-;false;;03:44;21:26
11.09.2015;8;38.173;нет;1;0;--;11:55
12.09.2015;11;9.347;false;-;100;21:59;05:00
13.09.2075;42;47.418;-;true;60;22:07;03:28
14.09.2015;-4;33.380;false;нет;90;--;15:27
15.09.2015;17;9.613;false;нет;10;--;07:24
16.09.2015;14;32.181;да;нет;;07:43;08:35
17.09.2015;29;-48.701;+;нет;0;06:20;10:24
18.09.2015;-40;-36.925;0;+;100;00:40;21:19
19.09.2018;-39;7.657;--;-;30;06:59;11:53
20.09.2015;-43;33.005;1;false;55;16:25;22:22
21.09.2015;34;-23.558;+;0;40;09:57;00:03
22.09.2015;-45;-11.912;true;1;50;17:19;17:38
23.09.2015;45;-6.527;+;false;20;--;20:51
24.09.2015;28;46.060;-;0;0;02:24;05:01
25.09.2015;-6;-1.682;1;true;20;01:51;16:42
26009.2015;-43;-28.660;1;+;65;03:41;--
27.09.2015;-12;35.283;нет;false;45;14:21;21:32
28.09.2015;--;17.101;true;1;15;10:07;17:26
29.09.2015;-40;36.940;да;--;5;01:25;11:47
30.09.2015;27;8.365;0;+;55;21:26;--
01.10.2015;-3;-20.930;--;нет;0;02:10;20:30
02.10.2015;48;32.126;true;true;20;04:07;10:32
03.10.2015;-6;-23.765;+;true;80;14:16;12:12
04.10.2015;-28;17.371;нет;+;55;--;21:29
05.10.2015;2;-24.340;+;-;0;03:16;23:42
06.10.2015;19;20.746;false;--;50;05:40;02:31
07.10.2015;--;-28.565;false;false;10;06:07;18:07
08.10.2015;--;27.500;true;--;45;13:40;04:20
09.10.2015;-21;3.358;1;да;50;--;18:34
10.10.2015;--;-43.807;--;--;90;22:04;18:01
11.10.2015;29;-2.083;да;1;60;04:52;20:19
12.10.2015;11;-10.590;0;нет;75;02:04;20:58
13.10.2015;-50;27.410;--;нет;45;02:05;11:09
14.10.2015;0;-33.854;1;+;90;14:45;10:39
15.10.2015;--;-36.037;1;1;25;14:11;19:27
16.10.2015;11;48.647;нет;да;15;01:24;--
17.10.2015;37;-10.990;true;true;75;15:20;10:41
18.10.2015;-38;;false;-;5;22:09;03:23
19.10.2015;0;-30.837;--;false;30;17:34;--
20.10.2015;-34;;0;-;5;06:44;17:54
21.10.2015;17;-1.083;false;+;70;01:29;08:25
22.10.2015;-17;-12.705;+;0;100;01:14;18:46
23.10.2015;-40;27.175;--;+;;04:37;--
24.10.2015;-6;-17.316;false;да;5;05:00;01:20
25.10.2015;-41;-43.433;+;0;5;08:50;06:58
26.10.2015;8;16.620;да;--;40;18:19;17:16
27.10.2015;-15;30.888;false;1;5;--;16:29
28.10.2015;-27;39.109;0;нет;15;22:10;--
29.10.2015;42;7.528;1;нет;20;15:07;17:39
30.10.2015;--;-23.512;да;1;80;22:17;11:30
31.10.2015;-29;19.299;да;+;10;13:37;00:04
01.11.2015;--;32.486;1;false;;06:54;20:00
02.11.2015;20;-43.783;0;true;65;12:04;18:39
03.11.2015;4;1.784;1;-;90;12:24;13:07
04.11.2015;-2;44.322;да;0;75;12:13;12:01
05.11.2015;-23;4.397;0;да;55;10:42;14:58
06.11.2015;-28;23.344;да;--;15;08:50;--
07.11.2015;-20;;-;0;25;23:02;07:49
08.11.2015;5;;--;1;70;21:11;07:19
09.11.2015;-5;-43.605;да;да;45;08:48;17:52
10.11.2015;17;-24.833;true;--;50;--;19:30
11.11.2015;35;-20.352;1;false;40;10:27;11:06
12.11.2015;-25;-13.967;нет;false;55;06:01;09:01
13.11.2515;3;-48.441;+;0;100;04:57;--
14.11.2015;-41;25.855;1;0;100;13:28;16:46
15.11.2018;0;;--;0;60;22:22;03:55
16.11.2015;14;27.538;--;0;75;20:28;04:45
17.11.2015;3;-1.360;true;true;10;19:07;10:09
18.11.2015;-45;;+;false;60;17:52;15:00
19.11.2015;15;-30.391;+;+;15;00:43;01:05
20.11.2015;34;41.356;0;+;50;00:24;12:27
21.11.2015;-34;19.415;--;+;50;11:42;18:18
22.11.2015;-39;-31.713;да;1;50;10:13;19:37
23611.2015;2;16.419;false;1;10;--;21:46
24.11.2015;42;16.188;+;+;;15:09;06:55
25.11.2015;-36;;да;true;15;04:08;04:26
26.11.2015;-3;-23.368;1;true;80;04:13;22:19
27.1172015;-5;4.448;false;true;30;14:34;04:21
28.11.2015;--;-16.074;-;1;35;00:45;11:54
29.11.2015;-10;-43.985;-;нет;85;06:51;05:17
30.11.2015;-23;35.681;true;нет;65;05:44;13:12
01.13.2015;16;42.106;1;-;45;08:59;09:27
02.12.2015;39;-23.450;1;нет;25;02:04;19:56
03.12.2015;32;-17.065;0;+;5;20:46;10:33
04.12.2015;--;-35.503;+;--;85;08:20;19:47
05.12.2015;-5;-28.654;true;+;90;05:30;03:21
06.12.2015;-25;-25.193;--;+;25;23:17;--
07.12.2015;-50;26.359;false;нет;15;06:03;13:18
08.12.2015;--;7.440;false;-;60;--;08:32
09.12.2015;25;-27.524;0;-;20;00:26;00:31
10.12.2015;24;48.836;true;true;100;00:15;09:56
11.12.2015;5;-1.205;0;нет;65;18:29;22:01
12.12.2015;-27;42.332;0;нет;50;20:52;22:45
13.12.2015;10;3.035;true;-;80;18:58;00:11
14.12.2015;-1;-48.876;+;true;85;--;08:17
15.12.2015;-29;24.669;1;false;15;02:54;16:35
16.12.2015;-43;45.185;false;true;80;19:01;11:03
17.12.2015;--;-27.624;+;--;70;15:32;19:38
18.12.2015;39;32.855;нет;да;;05:48;01:33
19.12.2015;20;20.534;-;--;85;08:56;17:27
20.12.2015;-40;42.599;+;0;55;09:04;13:04
21.12.2015;-44;39.853;--;false;;22:16;22:46
22.12.2015;-27;17.927;1;нет;80;20:18;--
23.12.2015;-42;12.670;нет;+;;17:55;12:05
24.12.2015;-37;14.660;да;-;50;05:46;14:36
25.12.2015;-12;;нет;--;75;13:25;00:23
26.12.2015;42;-46.916;--;0;90;06:48;11:43
27.12.2015;-28;-3.601;нет;+;45;04:27;16:10
28.12.2015;-43;-29.754;1;-;60;--;01:18
29.12.2015;-23;;+;1;25;12:13;20:58
30.12.2015;-9;29.669;да;да;100;17:16;19:07
31.12.2015;--;-39.749;--;+;95;00:37;08:35
